Date,AGG,BIL,BND,EEM,EFA,IEF,LQD,PDBC,QQQ,SPY,TIP,TLT,VEA,VWO
2022-06-27,100.5999984741211,91.4499969482422,74.47000122070312,40.70000076293945,63.5,100.58000183105467,109.08000183105467,18.739999771118164,292.45001220703125,388.5899963378906,114.61000061035156,111.5999984741211,41.5,42.220001220703125
2022-06-28,100.63999938964844,91.47000122070312,74.51000213623047,40.45000076293945,63.06999969482422,100.70999908447266,109.0500030517578,18.90999984741211,283.5400085449219,380.6499938964844,114.20999908447266,112.12000274658205,41.27999877929688,41.93999862670898
2022-06-29,101.22000122070312,91.4800033569336,74.94000244140625,40.290000915527344,62.83000183105469,101.5199966430664,109.6999969482422,18.6299991607666,283.79998779296875,380.3399963378906,114.01000213623048,113.87000274658205,41.02999877929688,41.83000183105469
2022-06-30,101.68000030517578,91.48999786376952,75.26000213623047,40.09999847412109,62.4900016784668,102.3000030517578,110.02999877929688,18.040000915527344,280.2799987792969,377.25,113.91000366210938,114.87000274658205,40.79999923706055,41.650001525878906
2022-07-01,102.33999633789062,91.43000030517578,75.70999908447266,39.84999847412109,62.63999938964844,103.23999786376952,111.12000274658205,18.100000381469727,282.1300048828125,381.239990234375,115.16999816894533,115.81999969482422,40.88999938964844,41.400001525878906
2022-07-05,102.52999877929688,91.43000030517578,75.83999633789062,39.540000915527344,61.29999923706055,103.62000274658205,111.08999633789062,16.93000030517578,286.9599914550781,381.9599914550781,114.8499984741211,116.7300033569336,40.0099983215332,41.06999969482422
2022-07-06,101.83999633789062,91.43000030517578,75.37999725341797,39.29999923706055,61.34999847412109,102.73999786376952,110.54000091552734,16.649999618530273,288.79998779296875,383.25,113.80999755859376,114.7699966430664,40.0099983215332,40.790000915527344
2022-07-07,101.61000061035156,91.43000030517578,75.16999816894531,40.09000015258789,62.27999877929688,102.11000061035156,110.52999877929688,17.299999237060547,294.9800109863281,388.989990234375,113.62999725341795,113.76000213623048,40.65999984741211,41.63999938964844
2022-07-08,101.2300033569336,91.41999816894533,74.91999816894531,40.09000015258789,62.34999847412109,101.48999786376952,110.3499984741211,17.600000381469727,295.3500061035156,388.6700134277344,113.51000213623048,112.5,40.7599983215332,41.540000915527344
2022-07-11,101.6999969482422,91.43000030517578,75.19999694824219,39.02000045776367,61.34000015258789,102.29000091552734,110.66000366210938,17.639999389648438,289.0400085449219,384.2300109863281,113.69000244140624,114.44000244140624,40.08000183105469,40.5099983215332
2022-07-12,101.83999633789062,91.41999816894533,75.33000183105469,38.869998931884766,61.33000183105469,102.52999877929688,110.81999969482422,16.809999465942383,286.239990234375,380.8299865722656,113.6500015258789,115.12000274658205,40.040000915527344,40.36000061035156
2022-07-13,102.20999908447266,91.41999816894533,75.56999969482422,38.77999877929688,61.29999923706055,102.97000122070312,111.6500015258789,16.8799991607666,285.6499938964844,378.8299865722656,114.23999786376952,116.44000244140624,39.9900016784668,40.2400016784668
2022-07-14,101.8499984741211,91.43000030517578,75.33000183105469,38.43000030517578,60.43999862670898,102.4000015258789,110.94000244140624,16.729999542236328,286.6700134277344,377.9100036621094,113.95999908447266,115.48999786376952,39.400001525878906,39.970001220703125
2022-07-15,102.25,91.41999816894533,75.5999984741211,38.630001068115234,61.400001525878906,102.75,111.83000183105467,16.950000762939453,291.8699951171875,385.1300048828125,114.62000274658205,116.13999938964844,40.0,40.11000061035156
2022-07-18,101.91999816894533,91.41999816894533,75.37000274658203,38.900001525878906,61.650001525878906,102.4499969482422,111.0500030517578,17.270000457763672,289.3999938964844,381.9500122070313,114.47000122070312,114.93000030517578,40.25,40.29999923706055
2022-07-19,101.77999877929688,91.41999816894533,75.30999755859375,39.540000915527344,63.33000183105469,101.9800033569336,111.36000061035156,17.350000381469727,298.29998779296875,392.2699890136719,114.3499984741211,114.30999755859376,41.290000915527344,40.869998931884766
2022-07-20,101.70999908447266,91.41999816894533,75.23999786376953,39.369998931884766,62.90999984741211,101.87999725341795,111.23999786376952,17.31999969482422,303.0299987792969,394.7699890136719,114.25,114.61000061035156,41.09000015258789,40.70000076293945
2022-07-21,102.55999755859376,91.4499969482422,75.86000061035156,39.81999969482422,63.560001373291016,103.04000091552734,112.76000213623048,17.0,307.3800048828125,398.7900085449219,114.95999908447266,116.58999633789062,41.54999923706055,41.20000076293945
2022-07-22,103.36000061035156,91.45999908447266,76.4800033569336,39.41999816894531,63.400001525878906,104.22000122070312,113.62999725341795,16.829999923706055,301.989990234375,395.0899963378906,115.93000030517578,118.5500030517578,41.40999984741211,40.77999877929688
2022-07-25,102.9800033569336,91.4499969482422,76.19999694824219,39.560001373291016,63.88999938964844,103.8499984741211,112.66999816894533,17.110000610351562,300.2699890136719,395.5700073242188,115.70999908447266,117.38999938964844,41.75,40.970001220703125
2022-07-26,102.95999908447266,91.4499969482422,76.22000122070312,39.25,63.0,103.88999938964844,112.6500015258789,17.170000076293945,294.3699951171875,390.8900146484375,115.70999908447266,117.4800033569336,41.18000030517578,40.58000183105469
2022-07-27,103.31999969482422,91.4499969482422,76.43000030517578,39.97999954223633,64.48999786376953,104.0999984741211,113.4000015258789,17.530000686645508,306.8099975585937,401.0400085449219,116.4499969482422,116.81999969482422,42.119998931884766,41.380001068115234
2022-07-28,104.05999755859376,91.45999908447266,76.95999908447266,40.150001525878906,64.81999969482422,105.12999725341795,114.33999633789062,17.549999237060547,309.8099975585937,406.0700073242188,117.63999938964844,117.75,42.38999938964844,41.5099983215332
2022-07-29,104.06999969482422,91.47000122070312,76.9000015258789,39.959999084472656,65.72000122070312,105.16999816894533,114.61000061035156,17.6200008392334,315.4599914550781,411.989990234375,118.2300033569336,117.43000030517578,42.959999084472656,41.31999969482422
2022-08-01,104.2300033569336,91.37999725341795,77.08000183105469,39.619998931884766,65.80999755859375,105.5999984741211,114.55999755859376,17.25,315.2699890136719,410.7699890136719,117.12999725341795,120.04000091552734,42.959999084472656,41.06999969482422
2022-08-02,103.16000366210938,91.38999938964844,76.30000305175781,39.43000030517578,64.76000213623047,104.13999938964844,113.16000366210938,17.15999984741211,314.3299865722656,408.05999755859375,115.75,117.5,42.290000915527344,40.83000183105469
2022-08-03,103.62000274658205,91.37999725341795,76.68000030517578,39.7400016784668,65.13999938964844,104.56999969482422,114.38999938964844,17.020000457763672,322.8900146484375,414.4500122070313,116.36000061035156,119.3499984741211,42.59000015258789,41.04999923706055
2022-08-04,103.87000274658205,91.4000015258789,76.87000274658203,40.02000045776367,65.47000122070312,105.0999984741211,114.56999969482422,16.84000015258789,324.3999938964844,414.1700134277344,116.33999633789062,119.30999755859376,42.79999923706055,41.38999938964844
2022-08-05,102.70999908447266,91.41999816894533,76.0,40.060001373291016,65.01000213623047,103.58000183105467,113.0199966430664,16.770000457763672,321.75,413.4700012207031,115.16999816894533,116.47000122070312,42.5,41.380001068115234
2022-08-08,103.18000030517578,91.43000030517578,76.33999633789062,40.11000061035156,65.16000366210938,104.19000244140624,113.47000122070312,16.979999542236328,320.7099914550781,412.989990234375,115.95999908447266,118.3499984741211,42.630001068115234,41.470001220703125
2022-08-09,102.9499969482422,91.41999816894533,76.16999816894531,39.959999084472656,64.80999755859375,103.87999725341795,112.95999908447266,17.15999984741211,317.0799865722656,411.3500061035156,115.62999725341795,117.88999938964844,42.369998931884766,41.380001068115234
2022-08-10,103.20999908447266,91.43000030517578,76.37999725341797,40.459999084472656,66.2699966430664,103.94000244140624,114.02999877929688,17.34000015258789,325.92999267578125,419.989990234375,115.43000030517578,117.12000274658205,43.380001068115234,41.900001525878906
2022-08-11,102.66000366210938,91.43000030517578,75.94999694824219,40.619998931884766,66.25,103.25,112.93000030517578,17.700000762939453,324.0799865722656,419.989990234375,115.04000091552734,114.38999938964844,43.380001068115234,42.09999847412109
2022-08-12,103.12000274658205,91.4499969482422,76.30000305175781,41.04999923706055,66.76000213623047,103.66000366210938,114.23999786376952,17.639999389648438,330.3900146484375,427.1000061035156,115.48999786376952,115.5500030517578,43.7400016784668,42.540000915527344
2022-08-15,103.25,91.44000244140624,76.37999725341797,40.86000061035156,66.36000061035156,103.98999786376952,114.16000366210938,17.3799991607666,333.0599975585937,428.8599853515625,115.37000274658205,115.4499969482422,43.43000030517578,42.380001068115234
2022-08-16,103.0999984741211,91.4499969482422,76.27999877929688,40.84999847412109,66.33999633789062,103.87000274658205,113.72000122070312,17.209999084472656,332.2799987792969,429.7000122070313,115.4000015258789,115.93000030517578,43.470001220703125,42.400001525878906
2022-08-17,102.48999786376952,91.4499969482422,75.83000183105469,40.68000030517578,65.80999755859375,103.16999816894533,112.6500015258789,17.260000228881836,328.489990234375,426.6499938964844,115.0500030517578,114.72000122070312,43.09999847412109,42.29999923706055
2022-08-18,102.70999908447266,91.48999786376952,75.97000122070312,40.45000076293945,65.58999633789062,103.37000274658205,112.94000244140624,17.520000457763672,329.2799987792969,427.8900146484375,115.63999938964844,114.88999938964844,42.959999084472656,42.02999877929688
2022-08-19,101.98999786376952,91.48999786376952,75.48999786376953,39.900001525878906,64.69000244140625,102.4800033569336,111.5999984741211,17.549999237060547,322.8599853515625,422.1400146484375,115.44000244140624,113.04000091552734,42.31999969482422,41.560001373291016
2022-08-22,101.5500030517578,91.5,75.1500015258789,39.54999923706055,63.59000015258789,102.02999877929688,110.8499984741211,17.700000762939453,314.3599853515625,413.3500061035156,115.22000122070312,112.66000366210938,41.63999938964844,41.27000045776367
2022-08-23,101.51000213623048,91.4800033569336,75.12000274658203,39.7599983215332,63.619998931884766,101.77999877929688,110.97000122070312,17.989999771118164,314.1000061035156,412.3500061035156,115.41000366210938,112.04000091552734,41.720001220703125,41.52999877929688
2022-08-24,101.23999786376952,91.51000213623048,74.93000030517578,39.75,63.70000076293945,101.44000244140624,110.63999938964844,18.170000076293945,315.010009765625,413.6700134277344,115.38999938964844,111.22000122070312,41.77000045776367,41.560001373291016
2022-08-25,101.8000030517578,91.5199966430664,75.33999633789062,40.61000061035156,64.4000015258789,102.08999633789062,111.77999877929688,17.940000534057617,320.5799865722656,419.510009765625,115.75,112.7699966430664,42.2599983215332,42.33000183105469
2022-08-26,101.61000061035156,91.5199966430664,75.19000244140625,40.0099983215332,62.709999084472656,101.97000122070312,111.11000061035156,17.979999542236328,307.44000244140625,405.30999755859375,115.58000183105467,113.62000274658205,41.13999938964844,41.77000045776367
2022-08-29,101.12000274658205,91.5199966430664,74.8499984741211,39.7599983215332,62.56999969482422,101.38999938964844,110.29000091552734,18.229999542236328,304.4100036621094,402.6300048828125,115.12999725341795,112.68000030517578,41.040000915527344,41.56999969482422
2022-08-30,101.25,91.52999877929688,74.91000366210938,39.290000915527344,62.119998931884766,101.36000061035156,110.43000030517578,17.770000457763672,301.0199890136719,398.2099914550781,114.93000030517578,112.95999908447266,40.70000076293945,41.06999969482422
2022-08-31,100.70999908447266,91.5500030517578,74.5999984741211,39.43000030517578,61.70000076293945,100.94000244140624,109.2699966430664,17.3700008392334,299.2699890136719,395.1799926757813,113.91000366210938,111.87999725341795,40.459999084472656,41.130001068115234
2022-09-01,100.06999969482422,91.43000030517578,74.04000091552734,39.119998931884766,60.869998931884766,99.95999908447266,108.30999755859376,17.030000686645508,299.3999938964844,396.4200134277344,111.62000274658205,109.5999984741211,39.91999816894531,40.93999862670898
2022-09-02,100.36000061035156,91.44000244140624,74.2300033569336,38.7599983215332,60.470001220703125,100.5199966430664,108.38999938964844,17.100000381469727,295.1700134277344,392.239990234375,112.27999877929688,110.22000122070312,39.66999816894531,40.61000061035156
2022-09-06,99.41999816894533,91.44000244140624,73.55999755859375,38.29999923706055,60.31999969482422,99.4000015258789,106.91999816894533,17.010000228881836,293.04998779296875,390.760009765625,111.20999908447266,107.48999786376952,39.5,40.2599983215332
2022-09-07,100.11000061035156,91.4499969482422,74.08999633789062,38.63999938964844,60.84999847412109,100.0500030517578,108.37999725341795,16.610000610351562,298.9700012207031,397.7799987792969,111.66999816894533,109.19000244140624,39.84000015258789,40.59999847412109
2022-09-08,99.79000091552734,91.47000122070312,73.86000061035156,38.43000030517578,60.88999938964844,99.68000030517578,108.12999725341795,16.68000030517578,300.5199890136719,400.3800048828125,111.0500030517578,108.06999969482422,39.900001525878906,40.47999954223633
2022-09-09,99.77999877929688,91.47000122070312,73.83000183105469,39.0,62.43999862670898,99.69000244140624,108.37999725341795,17.149999618530273,307.0899963378906,406.6000061035156,111.0999984741211,108.30999755859376,40.93000030517578,41.02000045776367
2022-09-12,99.62999725341795,91.45999908447266,73.73999786376953,39.58000183105469,63.310001373291016,99.4499969482422,108.13999938964844,17.399999618530273,310.739990234375,410.9700012207031,110.7699966430664,107.41999816894533,41.45000076293945,41.650001525878906
2022-09-13,99.06999969482422,91.4800033569336,73.37000274658203,38.36000061035156,61.11000061035156,98.88999938964844,107.36000061035156,17.299999237060547,293.70001220703125,393.1000061035156,110.44000244140624,107.66999816894533,40.02999877929688,40.33000183105469
2022-09-14,99.1999969482422,91.4800033569336,73.45999908447266,38.54999923706055,61.310001373291016,98.94000244140624,107.87000274658205,17.360000610351562,296.0299987792969,394.6000061035156,110.72000122070312,108.04000091552734,40.209999084472656,40.52999877929688
2022-09-15,98.9000015258789,91.51000213623048,73.23999786376953,38.13999938964844,60.77000045776367,98.5999984741211,107.3499984741211,16.8799991607666,291.1000061035156,390.1199951171875,110.16000366210938,107.97000122070312,39.81999969482422,40.18000030517578
2022-09-16,98.83000183105467,91.51000213623048,73.16000366210938,37.790000915527344,60.400001525878906,98.68000030517578,107.0999984741211,16.81999969482422,289.32000732421875,385.55999755859375,109.6999969482422,107.06999969482422,39.560001373291016,39.66999816894531
2022-09-19,98.68000030517578,91.51000213623048,73.11000061035156,37.90999984741211,60.61000061035156,98.4000015258789,107.27999877929688,16.8799991607666,291.04998779296875,388.5499877929688,109.1999969482422,107.31999969482422,39.59000015258789,39.29999923706055
2022-09-20,98.23999786376952,91.5,72.75,37.70000076293945,59.58000183105469,97.79000091552734,106.20999908447266,16.889999389648438,288.7300109863281,384.0899963378906,109.02999877929688,106.25,38.93000030517578,39.15999984741211
2022-09-21,98.5500030517578,91.5199966430664,72.94999694824219,37.06999969482422,58.79999923706055,98.18000030517578,106.61000061035156,16.770000457763672,283.5599975585937,377.3900146484375,109.23999786376952,108.02999877929688,38.43000030517578,38.5099983215332
2022-09-22,97.5,91.55999755859376,72.19999694824219,36.88999938964844,58.630001068115234,96.6999969482422,105.11000061035156,16.790000915527344,280.07000732421875,374.2200012207031,108.0,105.2699966430664,38.25,38.400001525878906
2022-09-23,97.1999969482422,91.55999755859376,72.0,35.97999954223633,56.7599983215332,96.81999969482422,104.80999755859376,16.219999313354492,275.510009765625,367.9500122070313,107.54000091552734,105.6999969482422,37.0,37.52000045776367
2022-09-26,95.9499969482422,91.54000091552734,71.08000183105469,35.540000915527344,55.91999816894531,95.20999908447266,102.98999786376952,15.850000381469728,274.3699951171875,364.30999755859375,105.81999969482422,103.68000030517578,36.40999984741211,37.0
2022-09-27,95.54000091552734,91.56999969482422,70.7699966430664,35.5,55.540000915527344,94.55999755859376,101.44000244140624,16.030000686645508,274.4800109863281,363.3800048828125,105.26000213623048,100.9499969482422,36.18999862670898,36.97999954223633
2022-09-28,97.08000183105467,91.58000183105467,71.87000274658203,35.810001373291016,56.880001068115234,96.69000244140624,103.4800033569336,16.459999084472656,279.94000244140625,370.5299987792969,107.12000274658205,104.33000183105467,37.0,37.27000045776367
2022-09-29,96.56999969482422,91.5999984741211,71.5,35.0099983215332,56.209999084472656,96.23999786376952,102.70999908447266,16.3799991607666,271.8699951171875,362.7900085449219,105.62000274658205,103.79000091552734,36.540000915527344,36.540000915527344
2022-09-30,96.33999633789062,91.5999984741211,71.33000183105469,34.880001068115234,56.0099983215332,95.98999786376952,102.4499969482422,16.18000030517578,267.260009765625,357.17999267578125,104.9000015258789,102.4499969482422,36.36000061035156,36.4900016784668
2022-10-03,96.91000366210938,91.41999816894533,71.7699966430664,35.45000076293945,57.119998931884766,96.94000244140624,104.0,16.56999969482422,273.5299987792969,366.6099853515625,106.25,103.83000183105467,37.16999816894531,37.04999923706055
2022-10-04,97.16999816894533,91.4499969482422,71.94999694824219,36.61000061035156,59.40999984741211,97.13999938964844,104.4800033569336,17.010000228881836,282.1300048828125,377.9700012207031,106.66999816894533,103.54000091552734,38.650001525878906,38.09000015258789
2022-10-05,96.66000366210938,91.4499969482422,71.56999969482422,36.630001068115234,58.77999877929688,96.22000122070312,103.69000244140624,17.309999465942383,281.9800109863281,377.0899963378906,105.83000183105467,102.5500030517578,38.18999862670898,38.15999984741211
2022-10-06,96.27999877929688,91.47000122070312,71.30000305175781,36.40999984741211,57.75,95.69000244140624,103.4499969482422,17.43000030517578,279.760009765625,373.2000122070313,105.4800033569336,101.9800033569336,37.54999923706055,37.88999938964844
2022-10-07,95.7699966430664,91.47000122070312,70.93000030517578,35.650001525878906,56.83000183105469,95.22000122070312,102.41999816894533,17.600000381469727,269.1000061035156,362.7900085449219,105.51000213623048,100.98999786376952,36.959999084472656,37.13999938964844
2022-10-10,95.33999633789062,91.4800033569336,70.61000061035156,35.150001525878906,56.5099983215332,94.66000366210938,101.5,17.450000762939453,266.4100036621094,360.0199890136719,104.91000366210938,99.41999816894533,36.709999084472656,36.630001068115234
2022-10-11,95.4000015258789,91.4800033569336,70.62999725341797,34.59000015258789,55.88999938964844,94.9000015258789,101.29000091552734,17.190000534057617,262.75,357.739990234375,105.51000213623048,99.86000061035156,36.27999877929688,36.060001373291016
2022-10-12,95.4800033569336,91.4800033569336,70.70999908447266,34.630001068115234,55.709999084472656,95.20999908447266,101.16999816894533,17.149999618530273,262.6600036621094,356.5599975585937,105.72000122070312,100.3499984741211,36.18999862670898,36.04999923706055
2022-10-13,95.18000030517578,91.51000213623048,70.45999908447266,34.72999954223633,56.86000061035156,94.80999755859376,101.3499984741211,17.3700008392334,268.82000732421875,365.9700012207031,105.5999984741211,99.38999938964844,36.93999862670898,36.18999862670898
2022-10-14,94.66000366210938,91.51000213623048,70.12000274658203,34.209999084472656,56.0099983215332,94.27999877929688,100.37999725341795,17.059999465942383,260.739990234375,357.6300048828125,105.69000244140624,98.56999969482422,36.310001373291016,35.65999984741211
2022-10-17,94.86000061035156,91.51000213623048,70.2699966430664,35.150001525878906,57.38999938964844,94.37999725341795,100.86000061035156,16.989999771118164,269.3500061035156,366.8200073242188,105.9800033569336,98.08999633789062,37.27000045776367,36.56999969482422
2022-10-18,95.0199966430664,91.51000213623048,70.43000030517578,35.15999984741211,57.79999923706055,94.62000274658205,101.45999908447266,16.790000915527344,271.4800109863281,371.1300048828125,105.6999969482422,98.31999969482422,37.52000045776367,36.58000183105469
2022-10-19,94.1999969482422,91.51000213623048,69.8499984741211,34.52000045776367,57.09000015258789,93.62999725341795,100.06999969482422,16.790000915527344,270.489990234375,368.5,105.16000366210938,96.52999877929688,37.09000015258789,35.939998626708984
2022-10-20,93.62999725341795,91.5500030517578,69.37999725341797,34.7400016784668,56.959999084472656,92.93000030517578,99.1999969482422,16.799999237060547,269.1099853515625,365.4100036621094,105.05999755859376,94.87999725341795,36.9900016784668,36.220001220703125
2022-10-21,93.7699966430664,91.55999755859376,69.5,35.27000045776367,57.9900016784668,93.13999938964844,99.4800033569336,16.829999923706055,275.4200134277344,374.2900085449219,105.33000183105467,93.16999816894533,37.68000030517578,36.75
2022-10-24,93.63999938964844,91.5500030517578,69.4000015258789,33.93000030517578,58.0,93.0199966430664,99.43000030517578,16.889999389648438,278.45001220703125,378.8699951171875,105.58000183105467,92.4000015258789,37.619998931884766,35.31999969482422
2022-10-25,94.55999755859376,91.5500030517578,70.05999755859375,34.209999084472656,59.27999877929688,94.18000030517578,100.76000213623048,16.959999084472656,284.2099914550781,384.9200134277344,106.01000213623048,95.08999633789062,38.459999084472656,35.61000061035156
2022-10-26,94.9800033569336,91.56999969482422,70.33999633789062,34.77000045776367,59.84000015258789,94.66000366210938,101.22000122070312,17.270000457763672,277.92999267578125,382.0199890136719,105.8499984741211,96.45999908447266,38.84999847412109,36.09000015258789
2022-10-27,95.45999908447266,91.5999984741211,70.70999908447266,34.5,59.27999877929688,95.33000183105467,101.69000244140624,17.280000686645508,272.8699951171875,379.9800109863281,106.66999816894533,97.47000122070312,38.59000015258789,35.83000183105469
2022-10-28,95.22000122070312,91.58999633789062,70.56999969482422,34.290000915527344,59.869998931884766,94.83999633789062,101.9000015258789,17.1299991607666,281.2200012207031,389.0199890136719,106.54000091552734,96.8000030517578,38.88999938964844,35.58000183105469
2022-10-31,94.9000015258789,91.58999633789062,70.3499984741211,34.189998626708984,59.310001373291016,94.41000366210938,101.3499984741211,17.0,277.95001220703125,386.2099914550781,106.38999938964844,96.11000061035156,38.56999969482422,35.45000076293945
2022-11-01,94.86000061035156,91.38999938964844,70.26000213623047,34.81999969482422,59.77999877929688,94.19000244140624,101.7699966430664,17.229999542236328,275.1099853515625,384.5199890136719,106.37000274658205,96.7699966430664,38.900001525878906,36.040000915527344
2022-11-02,94.6999969482422,91.41999816894533,70.1500015258789,34.529998779296875,58.90999984741211,94.02999877929688,101.27999877929688,17.3700008392334,265.67999267578125,374.8699951171875,106.12999725341795,96.3499984741211,38.310001373291016,35.77000045776367
2022-11-03,94.3499984741211,91.4499969482422,69.87999725341797,34.72999954223633,58.40999984741211,93.62000274658205,100.91999816894533,17.34000015258789,260.489990234375,371.010009765625,104.9499969482422,95.83000183105467,38.0,36.060001373291016
2022-11-04,94.33999633789062,91.47000122070312,69.9000015258789,36.20000076293945,60.75,93.41999816894533,101.12000274658205,17.959999084472656,264.67999267578125,376.3500061035156,105.33999633789062,94.22000122070312,39.45000076293945,37.52999877929688
2022-11-07,94.04000091552734,91.45999908447266,69.62999725341797,36.220001220703125,60.93999862670898,93.08999633789062,100.75,17.84000015258789,267.5899963378906,379.9500122070313,105.47000122070312,93.27999877929688,39.619998931884766,37.459999084472656
2022-11-08,94.44000244140624,91.47000122070312,69.94000244140625,36.47999954223633,61.630001068115234,93.70999908447266,101.16999816894533,17.56999969482422,269.5400085449219,382.0,105.62000274658205,94.3000030517578,40.09999847412109,37.619998931884766
2022-11-09,94.5500030517578,91.5199966430664,70.04000091552734,35.849998474121094,60.77000045776367,94.02999877929688,100.91000366210938,17.18000030517578,263.32000732421875,374.1300048828125,105.4000015258789,94.61000061035156,39.540000915527344,36.93000030517578
2022-11-10,96.58000183105467,91.52999877929688,71.48999786376953,37.150001525878906,64.18000030517578,96.13999938964844,104.29000091552734,17.309999465942383,282.75,394.6900024414063,107.1500015258789,98.25,41.7400016784668,38.16999816894531
2022-11-11,96.51000213623048,91.5199966430664,71.48999786376953,38.15999984741211,65.45999908447266,95.94000244140624,104.56999969482422,17.6299991607666,287.9599914550781,398.510009765625,107.08999633789062,97.88999938964844,42.52000045776367,38.93999862670898
2022-11-14,96.23999786376952,91.5199966430664,71.26000213623047,37.93000030517578,64.7699966430664,95.70999908447266,104.04000091552734,17.40999984741211,285.44000244140625,395.1199951171875,106.3000030517578,97.6500015258789,42.02999877929688,38.810001373291016
2022-11-15,96.9499969482422,91.54000091552734,71.76000213623047,38.79999923706055,65.19999694824219,96.41999816894533,105.48999786376952,17.600000381469727,289.3900146484375,398.489990234375,106.98999786376952,99.2300033569336,42.290000915527344,39.66999816894531
2022-11-16,97.5500030517578,91.5500030517578,72.16999816894531,38.18000030517578,65.05000305175781,97.12999725341795,106.38999938964844,17.40999984741211,285.44000244140625,395.4500122070313,107.26000213623048,101.4000015258789,42.130001068115234,39.040000915527344
2022-11-17,97.13999938964844,91.58000183105467,71.87000274658203,38.25,65.0199966430664,96.47000122070312,105.81999969482422,17.110000610351562,284.8099975585937,394.239990234375,106.52999877929688,100.33000183105467,42.08000183105469,39.25
2022-11-18,97.0,91.58000183105467,71.75,38.02999877929688,65.1500015258789,96.12999725341795,105.80999755859376,17.0,284.82000732421875,396.0299987792969,105.98999786376952,99.63999938964844,42.150001525878906,38.970001220703125
2022-11-21,96.94000244140624,91.58999633789062,71.75,37.54999923706055,64.66000366210938,96.06999969482422,105.6500015258789,16.93000030517578,281.8900146484375,394.5899963378906,106.5500030517578,100.05999755859376,41.810001373291016,38.61000061035156
2022-11-22,97.44000244140624,91.61000061035156,72.12000274658203,37.63999938964844,65.55999755859375,96.62000274658205,106.58999633789062,17.110000610351562,285.95001220703125,399.8999938964844,106.9800033569336,101.4800033569336,42.43000030517578,38.709999084472656
2022-11-23,98.0199966430664,91.62999725341795,72.55999755859375,37.95000076293945,66.27999877929688,97.13999938964844,107.66000366210938,16.860000610351562,288.82000732421875,402.4200134277344,107.56999969482422,103.25,42.91999816894531,38.91999816894531
2022-11-25,98.04000091552734,91.62999725341795,72.55999755859375,37.77000045776367,66.62000274658203,97.11000061035156,107.7699966430664,16.729999542236328,286.9200134277344,402.3299865722656,107.47000122070312,102.9000015258789,43.09999847412109,38.77999877929688
2022-11-28,97.87999725341795,91.63999938964844,72.47000122070312,37.59999847412109,65.76000213623047,97.1500015258789,106.98999786376952,16.6200008392334,282.7099914550781,395.9100036621094,107.22000122070312,103.19000244140624,42.5,38.68999862670898
2022-11-29,97.52999877929688,91.66999816894533,72.19999694824219,38.40999984741211,65.94999694824219,96.73999786376952,106.45999908447266,16.809999465942383,280.57000732421875,395.2300109863281,106.76000213623048,101.9800033569336,42.61000061035156,39.45000076293945
2022-11-30,98.29000091552734,91.66999816894533,72.76000213623047,39.52000045776367,67.12000274658203,97.61000061035156,107.76000213623048,17.219999313354492,293.3599853515625,407.6799926757813,108.33999633789062,102.7300033569336,43.40999984741211,40.52000045776367
2022-12-01,98.87999725341795,91.43000030517578,73.19999694824219,39.38999938964844,67.7699966430664,98.4800033569336,108.76000213623048,17.1299991607666,293.7200012207031,407.3800048828125,109.37000274658205,105.76000213623048,43.77999877929688,40.41999816894531
2022-12-02,99.29000091552734,91.44000244140624,73.5,39.540000915527344,67.72000122070312,98.68000030517578,109.41999816894533,16.950000762939453,292.54998779296875,406.9100036621094,110.18000030517578,107.08999633789062,43.7400016784668,40.66999816894531
2022-12-05,98.51000213623048,91.4499969482422,72.91999816894531,39.09000015258789,66.83000183105469,97.68000030517578,108.48999786376952,16.5,287.6400146484375,399.5899963378906,109.0500030517578,105.58999633789062,43.08000183105469,40.2599983215332
2022-12-06,98.8000030517578,91.4800033569336,73.16000366210938,39.040000915527344,66.52999877929688,98.27999877929688,108.81999969482422,16.25,281.67999267578125,393.8299865722656,109.02999877929688,106.9499969482422,42.790000915527344,40.290000915527344
2022-12-07,99.68000030517578,91.4800033569336,73.80000305175781,38.810001373291016,66.52999877929688,99.13999938964844,110.02999877929688,16.170000076293945,280.5299987792969,393.1600036621094,109.5,109.47000122070312,42.790000915527344,40.04999923706055
2022-12-08,99.37999725341795,91.54000091552734,73.58999633789062,39.27999877929688,66.87000274658203,98.58000183105467,109.68000030517578,16.1299991607666,283.8500061035156,396.239990234375,109.47000122070312,109.16999816894533,43.02999877929688,40.5099983215332
2022-12-09,98.79000091552734,91.52999877929688,73.16000366210938,39.02000045776367,66.91000366210938,97.8499984741211,108.86000061035156,16.1299991607666,282.0400085449219,393.2799987792969,108.43000030517578,106.33000183105467,43.060001373291016,40.16999816894531
2022-12-12,98.80999755859376,91.54000091552734,73.16000366210938,38.900001525878906,67.11000061035156,97.70999908447266,108.72000122070312,16.309999465942383,285.5799865722656,398.9500122070313,108.44000244140624,106.66999816894533,43.16999816894531,40.060001373291016
2022-12-13,99.47000122070312,91.54000091552734,73.66000366210938,38.59000015258789,67.79000091552734,98.58999633789062,109.66999816894533,16.600000381469727,288.6499938964844,401.9700012207031,108.76000213623048,107.6999969482422,43.72999954223633,40.27000045776367
2022-12-14,99.69000244140624,91.56999969482422,73.83999633789062,38.61000061035156,67.7300033569336,98.86000061035156,109.7699966430664,16.739999771118164,286.510009765625,399.3999938964844,108.48999786376952,108.16000366210938,43.709999084472656,40.34000015258789
2022-12-15,99.61000061035156,91.58999633789062,73.87999725341797,37.720001220703125,66.0,98.86000061035156,109.52999877929688,16.5,276.8900146484375,389.6300048828125,108.16000366210938,108.31999969482422,42.56999969482422,39.560001373291016
2022-12-16,99.3499984741211,91.58999633789062,73.69000244140625,37.83000183105469,65.41999816894531,98.61000061035156,109.05999755859376,16.290000915527344,274.25,383.2699890136719,107.58000183105467,107.11000061035156,42.2400016784668,39.5099983215332
2022-12-19,98.73999786376952,91.33000183105467,73.25,37.86000061035156,65.26000213623047,97.80999755859376,107.95999908447266,14.350000381469728,269.75,380.0199890136719,107.20999908447266,105.30999755859376,41.65999984741211,38.95000076293945
2022-12-20,98.06999969482422,91.33999633789062,72.7699966430664,37.84999847412109,65.5199966430664,97.0999984741211,106.69000244140624,14.40999984741211,269.5400085449219,380.5400085449219,107.18000030517578,103.44000244140624,41.86000061035156,38.81999969482422
2022-12-21,98.33999633789062,91.3499984741211,72.94000244140625,38.18999862670898,66.19999694824219,97.22000122070312,107.41999816894533,14.59000015258789,273.45001220703125,386.2300109863281,107.76000213623048,103.6999969482422,42.27999877929688,39.18000030517578
2022-12-22,98.30999755859376,91.41000366210938,72.93000030517578,37.84999847412109,65.66000366210938,97.19000244140624,107.38999938964844,14.420000076293944,266.760009765625,380.7200012207031,107.16999816894533,103.68000030517578,41.90999984741211,38.83000183105469
2022-12-23,97.97000122070312,91.41000366210938,72.52999877929688,37.79999923706055,65.88999938964844,96.75,107.05999755859376,14.68000030517578,267.3599853515625,382.9100036621094,106.93000030517578,102.16000366210938,42.119998931884766,38.75
2022-12-27,97.26000213623048,91.41000366210938,71.97000122070312,38.36000061035156,65.98999786376953,95.94000244140624,105.68000030517578,14.8100004196167,263.5799865722656,381.3999938964844,106.44000244140624,100.13999938964844,42.20000076293945,39.36000061035156
2022-12-28,97.08999633789062,91.44000244140624,71.87000274658203,37.79999923706055,65.29000091552734,95.70999908447266,105.3499984741211,14.649999618530272,260.1000061035156,376.6600036621094,106.31999969482422,99.5500030517578,41.720001220703125,38.790000915527344
2022-12-29,97.4499969482422,91.4800033569336,72.13999938964844,38.43000030517578,66.31999969482422,96.18000030517578,106.0999984741211,14.630000114440918,266.44000244140625,383.4400024414063,106.76000213623048,100.68000030517578,42.380001068115234,39.459999084472656
2022-12-30,96.98999786376952,91.47000122070312,71.83999633789062,37.900001525878906,65.63999938964844,95.77999877929688,105.43000030517578,14.779999732971191,266.2799987792969,382.4299926757813,106.44000244140624,99.55999755859376,41.970001220703125,38.97999954223633
2023-01-03,97.55999755859376,91.4800033569336,72.22000122070312,38.220001220703125,66.22000122070312,96.52999877929688,106.16000366210938,14.40999984741211,264.4800109863281,380.8200073242188,106.81999969482422,101.45999908447266,42.20000076293945,39.400001525878906
2023-01-04,98.0999984741211,91.47000122070312,72.62999725341797,39.369998931884766,67.0999984741211,97.2699966430664,106.93000030517578,14.119999885559082,265.739990234375,383.760009765625,106.88999938964844,102.8499984741211,42.83000183105469,40.41999816894531
2023-01-05,98.0199966430664,91.5,72.55000305175781,39.25,66.43000030517578,97.12999725341795,106.8499984741211,14.0600004196167,261.5799865722656,379.3800048828125,106.91999816894533,103.27999877929688,42.34999847412109,40.29999923706055
2023-01-06,99.08999633789062,91.48999786376952,73.3499984741211,40.06999969482422,68.12999725341797,98.37999725341795,108.5999984741211,14.149999618530272,268.79998779296875,388.0799865722656,107.9000015258789,105.18000030517578,43.52000045776367,40.9900016784668
2023-01-09,99.33999633789062,91.51000213623048,73.55000305175781,40.369998931884766,68.41999816894531,98.62999725341795,109.02999877929688,14.350000381469728,270.5400085449219,387.8599853515625,108.1500015258789,105.73999786376952,43.709999084472656,41.209999084472656
2023-01-10,98.95999908447266,91.5,73.26000213623047,40.65999984741211,68.62000274658203,98.01000213623048,108.66000366210938,14.359999656677246,272.8299865722656,390.5799865722656,107.70999908447266,103.98999786376952,43.81999969482422,41.5
2023-01-11,99.56999969482422,91.5,73.6500015258789,40.83000183105469,69.13999938964844,98.63999938964844,109.58999633789062,14.619999885559082,277.54998779296875,395.5199890136719,108.16999816894533,105.68000030517578,44.150001525878906,41.66999816894531
2023-01-12,100.29000091552734,91.56999969482422,74.22000122070312,41.02999877929688,70.16000366210938,99.5199966430664,110.83000183105467,14.770000457763672,279.04998779296875,396.9599914550781,109.0199966430664,107.76000213623048,44.790000915527344,41.86000061035156
2023-01-13,99.91999816894533,91.58000183105467,73.97000122070312,41.29999923706055,70.52999877929688,98.98999786376952,110.47000122070312,14.920000076293944,280.9700012207031,398.5,108.16999816894533,106.75,45.02000045776367,42.13999938964844
2023-01-17,99.73999786376952,91.58000183105467,73.87000274658203,41.06999969482422,70.75,98.68000030517578,110.06999969482422,15.020000457763672,281.5400085449219,397.7699890136719,107.86000061035156,106.05999755859376,45.150001525878906,41.91999816894531
2023-01-18,100.7300033569336,91.58999633789062,74.55000305175781,40.790000915527344,70.5,100.0199966430664,111.36000061035156,14.850000381469728,277.8800048828125,391.489990234375,108.5999984741211,108.62999725341795,44.95000076293945,41.66999816894531
2023-01-19,100.5,91.62999725341795,74.4000015258789,41.09999847412109,70.38999938964844,99.83000183105467,111.12999725341795,15.010000228881836,275.1499938964844,388.6400146484375,109.2699966430664,107.9499969482422,44.900001525878906,42.0
2023-01-20,100.08999633789062,91.63999938964844,74.06999969482422,41.72999954223633,71.01000213623047,99.16999816894533,110.5500030517578,15.09000015258789,282.67999267578125,395.8800048828125,108.6500015258789,106.1999969482422,45.36000061035156,42.4900016784668
2023-01-23,99.83999633789062,91.63999938964844,73.88999938964844,42.02999877929688,71.30000305175781,98.8499984741211,110.2300033569336,15.170000076293944,288.9599914550781,400.6300048828125,108.5500030517578,105.6999969482422,45.54999923706055,42.79999923706055
2023-01-24,100.27999877929688,91.6500015258789,74.22000122070312,42.060001373291016,71.20999908447266,99.41999816894533,110.80999755859376,15.079999923706056,288.3699951171875,400.2000122070313,109.16999816894533,107.22000122070312,45.540000915527344,42.84000015258789
2023-01-25,100.4000015258789,91.66000366210938,74.30999755859375,42.09999847412109,71.68000030517578,99.52999877929688,110.86000061035156,15.020000457763672,287.7300109863281,400.3500061035156,109.38999938964844,107.4800033569336,45.77000045776367,42.84999847412109
2023-01-26,100.2300033569336,91.70999908447266,74.16999816894531,42.5,71.73999786376953,99.16999816894533,110.81999969482422,15.100000381469728,293.3399963378906,404.75,109.37999725341795,106.9800033569336,45.90999984741211,43.18000030517578
2023-01-27,100.08000183105467,91.72000122070312,74.08999633789062,42.29999923706055,71.5999984741211,99.0199966430664,110.5,14.899999618530272,296.260009765625,405.6799926757813,109.13999938964844,106.70999908447266,45.86000061035156,42.88999938964844
2023-01-30,99.80999755859376,91.72000122070312,73.87999725341797,41.45000076293945,71.13999938964844,98.70999908447266,110.08000183105467,14.6899995803833,290.2699890136719,400.5899963378906,108.61000061035156,106.31999969482422,45.47999954223633,42.119998931884766
2023-01-31,100.22000122070312,91.7300033569336,74.22000122070312,41.36000061035156,71.55000305175781,99.20999908447266,110.87000274658205,14.949999809265137,294.6199951171875,406.4800109863281,108.6500015258789,107.16999816894533,45.7599983215332,42.22999954223633
2023-02-01,100.68000030517578,91.4000015258789,74.5199966430664,41.869998931884766,72.19000244140625,99.70999908447266,111.6500015258789,14.649999618530272,300.9200134277344,410.7999877929688,109.37999725341795,108.18000030517578,46.16999816894531,42.65999984741211
2023-02-02,100.79000091552734,91.44000244140624,74.56999969482422,41.619998931884766,72.08999633789062,99.66999816894533,111.80999755859376,14.5,311.7200012207031,416.7799987792969,109.2300033569336,108.31999969482422,46.15999984741211,42.36000061035156
2023-02-03,99.81999969482422,91.45999908447266,73.91000366210938,40.880001068115234,71.41999816894531,98.5999984741211,110.54000091552734,14.15999984741211,306.17999267578125,412.3500061035156,108.20999908447266,106.6999969482422,45.63999938964844,41.68999862670898
2023-02-06,99.2699966430664,91.47000122070312,73.44999694824219,40.27999877929688,70.69000244140625,97.75,109.69000244140624,14.210000038146973,303.5899963378906,409.8299865722656,107.77999877929688,105.91000366210938,45.150001525878906,41.2599983215332
2023-02-07,99.0999984741211,91.4800033569336,73.3499984741211,40.43999862670898,71.29000091552734,97.51000213623048,109.33000183105467,14.489999771118164,309.8800048828125,415.1900024414063,108.05999755859376,105.05999755859376,45.56999969482422,41.34000015258789
2023-02-08,99.23999786376952,91.4800033569336,73.4800033569336,40.38999938964844,70.8499984741211,97.87000274658205,109.44000244140624,14.520000457763672,304.3699951171875,410.6499938964844,108.62000274658205,105.55999755859376,45.29999923706055,41.2599983215332
2023-02-09,98.8499984741211,91.51000213623048,73.18000030517578,40.58000183105469,70.9800033569336,97.43000030517578,108.5199966430664,14.380000114440918,301.67999267578125,407.0899963378906,108.06999969482422,104.55999755859376,45.34000015258789,41.41999816894531
2023-02-10,98.41999816894533,91.5199966430664,72.87000274658203,40.18999862670898,70.66999816894531,96.95999908447266,107.76000213623048,14.59000015258789,299.70001220703125,408.0400085449219,107.68000030517578,103.38999938964844,45.209999084472656,41.06999969482422
2023-02-13,98.72000122070312,91.54000091552734,73.06999969482422,40.52000045776367,71.37999725341797,97.19000244140624,108.16000366210938,14.579999923706056,304.5,412.8299865722656,107.86000061035156,104.26000213623048,45.59999847412109,41.43999862670898
2023-02-14,98.37000274658205,91.54000091552734,72.81999969482422,40.45000076293945,71.51000213623047,96.75,107.88999938964844,14.630000114440918,306.75,412.6400146484375,107.5,104.0199966430664,45.63999938964844,41.31999969482422
2023-02-15,98.18000030517578,91.55999755859376,72.66000366210938,40.11000061035156,71.19000244140625,96.45999908447266,107.4800033569336,14.4399995803833,309.1000061035156,413.9800109863281,107.5,103.0500030517578,45.40999984741211,41.119998931884766
2023-02-16,97.7699966430664,91.61000061035156,72.37999725341797,40.119998931884766,70.83999633789062,96.13999938964844,106.62000274658205,14.399999618530272,303.29998779296875,408.2799987792969,107.23999786376952,101.58999633789062,45.20000076293945,41.040000915527344
2023-02-17,98.0,91.62000274658205,72.54000091552734,39.68000030517578,71.0199966430664,96.41000366210938,107.04000091552734,14.279999732971191,301.1600036621094,407.260009765625,107.4499969482422,102.37999725341795,45.27000045776367,40.709999084472656
2023-02-21,97.08000183105467,91.62000274658205,71.91000366210938,39.18000030517578,70.23999786376953,95.36000061035156,105.5199966430664,14.3100004196167,294.0299987792969,399.0899963378906,106.97000122070312,100.38999938964844,44.70000076293945,40.2599983215332
2023-02-22,97.33999633789062,91.6500015258789,72.06999969482422,38.9900016784668,69.8499984741211,95.52999877929688,105.81999969482422,14.109999656677246,294.25,398.5400085449219,106.91000366210938,101.30999755859376,44.43999862670898,40.09000015258789
2023-02-23,97.69000244140624,91.68000030517578,72.33000183105469,39.18000030517578,70.20999908447266,95.9000015258789,106.6500015258789,14.210000038146973,296.82000732421875,400.6600036621094,107.26000213623048,102.3000030517578,44.70000076293945,40.22999954223633
2023-02-24,97.12999725341795,91.69000244140624,71.93000030517578,38.29999923706055,69.04000091552734,95.31999969482422,105.8499984741211,14.149999618530272,291.8500061035156,396.3800048828125,106.55999755859376,100.97000122070312,44.0,39.459999084472656
2023-02-27,97.31999969482422,91.6999969482422,72.05000305175781,38.5,69.86000061035156,95.61000061035156,105.87999725341795,14.170000076293944,293.94000244140625,397.7300109863281,106.77999877929688,101.25,44.4900016784668,39.65999984741211
2023-02-28,97.30999755859376,91.70999908447266,72.06999969482422,38.22999954223633,69.3499984741211,95.76000213623048,105.91999816894533,14.229999542236328,293.5599975585937,396.260009765625,107.18000030517578,101.70999908447266,44.16999816894531,39.41999816894531
2023-03-01,96.5199966430664,91.45999908447266,71.4800033569336,39.04999923706055,69.72000122070312,94.8000030517578,104.88999938964844,14.479999542236328,291.20001220703125,394.739990234375,106.77999877929688,100.37000274658205,44.45000076293945,40.209999084472656
2023-03-02,96.31999969482422,91.48999786376952,71.33000183105469,39.18999862670898,69.86000061035156,94.41000366210938,104.9800033569336,14.43000030517578,293.6099853515625,397.80999755859375,106.86000061035156,99.4800033569336,44.52000045776367,40.38999938964844
2023-03-03,97.08000183105467,91.51000213623048,71.87999725341797,39.540000915527344,70.87999725341797,95.16999816894533,106.16999816894533,14.670000076293944,299.67999267578125,404.1900024414063,108.01000213623048,101.88999938964844,45.16999816894531,40.68999862670898
2023-03-06,96.83999633789062,91.5199966430664,71.70999908447266,39.400001525878906,70.69999694824219,95.0,105.87999725341795,14.600000381469728,300.0199890136719,404.4700012207031,107.43000030517578,101.0999984741211,45.060001373291016,40.54999923706055
2023-03-07,96.70999908447266,91.5199966430664,71.62999725341797,38.7400016784668,69.5199966430664,95.01000213623048,105.58000183105467,14.270000457763672,296.3399963378906,398.2699890136719,106.75,101.72000122070312,44.2400016784668,39.95000076293945
2023-03-08,96.61000061035156,91.54000091552734,71.56999969482422,38.900001525878906,69.9000015258789,94.9800033569336,105.41000366210938,14.1899995803833,297.82000732421875,398.9200134277344,106.23999786376952,101.81999969482422,44.470001220703125,40.15999984741211
2023-03-09,96.95999908447266,91.55999755859376,71.80999755859375,38.040000915527344,69.38999938964844,95.56999969482422,105.30999755859376,14.010000228881836,292.6600036621094,391.55999755859375,106.5199966430664,102.06999969482422,44.02999877929688,39.34000015258789
2023-03-10,98.08999633789062,91.58000183105467,72.66999816894531,37.84000015258789,68.6500015258789,97.33000183105467,106.81999969482422,14.170000076293944,288.54998779296875,385.9100036621094,108.08999633789062,105.58999633789062,43.59999847412109,39.119998931884766
2023-03-13,98.87000274658205,91.5999984741211,73.25,37.900001525878906,68.18000030517578,98.51000213623048,106.91000366210938,14.079999923706056,290.69000244140625,385.3599853515625,108.91000366210938,105.83000183105467,43.34999847412109,39.08000183105469
2023-03-14,98.29000091552734,91.61000061035156,72.79000091552734,37.91999816894531,69.08999633789062,97.58000183105467,106.58999633789062,13.899999618530272,297.3699951171875,391.7300109863281,108.30999755859376,104.08999633789062,43.86000061035156,39.09999847412109
2023-03-15,99.2699966430664,91.66000366210938,73.54000091552734,37.27000045776367,66.94999694824219,98.98999786376952,107.61000061035156,13.579999923706056,298.92999267578125,389.2799987792969,109.62999725341795,106.0999984741211,42.54999923706055,38.45000076293945
2023-03-16,98.87999725341795,91.6999969482422,73.19000244140625,37.84000015258789,67.98999786376953,98.0999984741211,107.4499969482422,13.630000114440918,306.8099975585937,396.1099853515625,108.38999938964844,105.2699966430664,43.209999084472656,38.93999862670898
2023-03-17,99.5,91.72000122070312,73.72000122070312,37.61000061035156,67.18000030517578,99.26000213623048,107.98999786376952,13.579999923706056,305.3599853515625,389.989990234375,108.62000274658205,106.8499984741211,42.709999084472656,38.7400016784668
2023-03-20,99.0999984741211,91.7300033569336,73.4000015258789,37.75,68.2300033569336,98.86000061035156,107.66999816894533,13.640000343322754,305.9700012207031,393.739990234375,108.72000122070312,105.91000366210938,43.20000076293945,38.77999877929688
2023-03-21,98.8000030517578,91.7300033569336,73.19999694824219,38.09000015258789,69.26000213623047,98.0,108.19000244140624,13.6899995803833,310.3399963378906,398.9100036621094,108.48999786376952,105.0,43.7599983215332,39.18999862670898
2023-03-22,99.75,91.75,73.8499984741211,38.2400016784668,69.0199966430664,99.29000091552734,108.81999969482422,13.739999771118164,306.1199951171875,392.1099853515625,109.9800033569336,106.4000015258789,43.59000015258789,39.310001373291016
2023-03-23,99.98999786376952,91.79000091552734,74.0199966430664,38.77000045776367,69.02999877929688,99.86000061035156,109.12999725341795,13.699999809265137,309.75,393.1700134277344,110.18000030517578,106.4000015258789,43.619998931884766,39.790000915527344
2023-03-24,100.16000366210938,91.80999755859376,74.16999816894531,38.66999816894531,68.81999969482422,99.88999938964844,109.47000122070312,13.75,310.8900146484375,395.75,109.9000015258789,106.8499984741211,43.470001220703125,39.709999084472656
2023-03-27,99.08000183105467,91.8000030517578,73.4000015258789,38.459999084472656,69.47000122070312,98.66000366210938,108.16000366210938,14.010000228881836,308.760009765625,396.489990234375,109.04000091552734,104.33999633789062,43.84999847412109,39.52000045776367
2023-03-28,98.93000030517578,91.81999969482422,73.2699966430664,39.0099983215332,69.5,98.5999984741211,107.9800033569336,14.06999969482422,307.1199951171875,395.6000061035156,109.37999725341795,104.52999877929688,43.90999984741211,39.9900016784668
2023-03-29,99.0500030517578,91.81999969482422,73.3499984741211,39.119998931884766,70.33999633789062,98.43000030517578,108.4800033569336,14.0,312.7200012207031,401.3500061035156,109.58999633789062,104.31999969482422,44.40999984741211,40.130001068115234
2023-03-30,99.16000366210938,91.83999633789062,73.44999694824219,39.5099983215332,71.16000366210938,98.58000183105467,108.62999725341795,14.09000015258789,315.67999267578125,403.7000122070313,109.6999969482422,104.8000030517578,44.959999084472656,40.52000045776367
2023-03-31,99.63999938964844,91.81999969482422,73.83000183105469,39.459999084472656,71.5199966430664,99.12000274658205,109.61000061035156,14.220000267028809,320.92999267578125,409.3900146484375,110.25,106.37000274658205,45.16999816894531,40.400001525878906
2023-04-03,99.81999969482422,91.47000122070312,73.95999908447266,39.540000915527344,72.08999633789062,99.38999938964844,109.93000030517578,14.460000038146973,320.1499938964844,410.9500122070313,110.31999969482422,106.5999984741211,45.540000915527344,40.56999969482422
2023-04-04,100.19000244140624,91.4800033569336,74.26000213623047,39.540000915527344,72.0999984741211,100.02999877929688,110.06999969482422,14.449999809265137,319.07000732421875,408.6700134277344,110.63999938964844,107.12999725341795,45.52999877929688,40.61000061035156
2023-04-05,100.52999877929688,91.52999877929688,74.45999908447266,39.22999954223633,71.5999984741211,100.4499969482422,110.43000030517578,14.5,315.9200134277344,407.6000061035156,110.9000015258789,108.25,45.18000030517578,40.25
2023-04-06,100.44000244140624,91.54000091552734,74.44000244140625,39.38999938964844,71.94000244140625,100.4800033569336,110.33000183105467,14.449999809265137,318.04998779296875,409.1900024414063,111.1500015258789,108.52999877929688,45.33000183105469,40.4900016784668
2023-04-10,99.75,91.5500030517578,73.94000244140625,39.43000030517578,71.88999938964844,99.48999786376952,109.81999969482422,14.479999542236328,317.8699951171875,409.6099853515625,110.36000061035156,106.77999877929688,45.369998931884766,40.400001525878906
2023-04-11,99.80999755859376,91.55999755859376,73.97000122070312,39.66999816894531,72.12999725341797,99.4499969482422,109.79000091552734,14.5600004196167,315.8299865722656,409.7200012207031,110.5500030517578,107.0,45.56999969482422,40.70000076293945
2023-04-12,99.93000030517578,91.58000183105467,74.05000305175781,39.38999938964844,72.58999633789062,99.73999786376952,109.55999755859376,14.649999618530272,313.0400085449219,408.0499877929688,110.58999633789062,106.88999938964844,45.83000183105469,40.38999938964844
2023-04-13,99.88999938964844,91.62999725341795,74.01000213623047,39.93000030517578,73.5199966430664,99.41000366210938,109.75,14.649999618530272,319.1700134277344,413.4700012207031,110.31999969482422,106.0500030517578,46.5,40.880001068115234
2023-04-14,99.4000015258789,91.62999725341795,73.68000030517578,39.720001220703125,73.22000122070312,98.91999816894533,109.38999938964844,14.65999984741211,318.57000732421875,412.4599914550781,109.83999633789062,105.08000183105467,46.27000045776367,40.65999984741211
2023-04-17,98.9000015258789,91.6500015258789,73.27999877929688,39.88999938964844,73.08999633789062,98.29000091552734,108.6999969482422,14.609999656677246,318.8399963378906,413.9400024414063,109.33999633789062,103.83000183105467,46.22999954223633,40.880001068115234
2023-04-18,99.04000091552734,91.66000366210938,73.38999938964844,39.84000015258789,73.48999786376953,98.4499969482422,109.05999755859376,14.649999618530272,318.8599853515625,414.2099914550781,109.4499969482422,104.1999969482422,46.40999984741211,40.79999923706055
2023-04-19,98.88999938964844,91.66999816894533,73.29000091552734,39.43999862670898,73.26000213623047,98.23999786376952,108.5199966430664,14.449999809265137,318.7099914550781,414.1400146484375,109.33999633789062,104.0999984741211,46.22999954223633,40.380001068115234
2023-04-20,99.33999633789062,91.73999786376952,73.61000061035156,39.380001068115234,73.26000213623047,98.80999755859376,108.93000030517578,14.3100004196167,316.2799987792969,411.8800048828125,109.69000244140624,104.98999786376952,46.25,40.33000183105469
2023-04-21,99.16999816894533,91.7300033569336,73.4800033569336,39.0099983215332,73.62999725341797,98.56999969482422,109.0,14.279999732971191,316.6099853515625,412.2000122070313,109.73999786376952,104.4000015258789,46.400001525878906,39.95000076293945
2023-04-24,99.55999755859376,91.73999786376952,73.7699966430664,38.91999816894531,73.81999969482422,99.0500030517578,109.4800033569336,14.369999885559082,315.95001220703125,412.6300048828125,110.16000366210938,105.41000366210938,46.4900016784668,39.900001525878906
2023-04-25,100.18000030517578,91.7300033569336,74.25,38.18999862670898,72.79000091552734,100.02999877929688,109.95999908447266,14.199999809265137,309.989990234375,406.0799865722656,110.80999755859376,106.95999908447266,45.7599983215332,39.220001220703125
2023-04-26,99.80999755859376,91.75,73.98999786376953,38.40999984741211,72.73999786376953,99.63999938964844,109.4800033569336,13.970000267028809,311.8699951171875,404.3599853515625,110.41999816894533,105.81999969482422,45.77000045776367,39.4900016784668
2023-04-27,99.4499969482422,91.77999877929688,73.66999816894531,38.93000030517578,73.6500015258789,98.98999786376952,109.08000183105467,14.0,320.3500061035156,412.4100036621094,110.0500030517578,104.7699966430664,46.34999847412109,40.0
2023-04-28,99.95999908447266,91.77999877929688,74.08000183105469,39.130001068115234,73.62000274658203,99.7300033569336,109.93000030517578,14.149999618530272,322.5599975585937,415.9299926757813,110.18000030517578,106.45999908447266,46.36000061035156,40.2400016784668
2023-05-01,98.69000244140624,91.43000030517578,73.13999938964844,39.0,73.51000213623047,98.31999969482422,107.79000091552734,14.039999961853027,322.19000244140625,415.510009765625,108.6999969482422,103.12999725341795,46.31999969482422,40.11000061035156
2023-05-02,99.6500015258789,91.41000366210938,73.86000061035156,38.619998931884766,72.7699966430664,99.5999984741211,109.08999633789062,13.699999809265137,319.3800048828125,410.8399963378906,109.52999877929688,105.6999969482422,45.83000183105469,39.68999862670898
2023-05-03,100.08999633789062,91.41999816894533,74.16999816894531,38.560001373291016,72.95999908447266,100.25,109.2699966430664,13.5,317.2900085449219,408.0199890136719,110.02999877929688,106.29000091552734,45.91999816894531,39.68000030517578
2023-05-04,99.97000122070312,91.4499969482422,74.06999969482422,38.869998931884766,72.80999755859375,100.2300033569336,108.97000122070312,13.5600004196167,316.1700134277344,405.1300048828125,110.0,105.23999786376952,45.84999847412109,40.02000045776367
2023-05-05,99.6500015258789,91.47000122070312,73.80000305175781,39.38999938964844,73.87999725341797,99.69000244140624,108.54000091552734,13.869999885559082,322.8900146484375,412.6300048828125,109.77999877929688,104.88999938964844,46.59000015258789,40.45000076293945
2023-05-08,99.0999984741211,91.4800033569336,73.44999694824219,39.40999984741211,73.9000015258789,99.08000183105467,107.76000213623048,13.960000038146973,323.69000244140625,412.739990234375,109.37000274658205,103.41999816894533,46.61000061035156,40.459999084472656
2023-05-09,99.01000213623048,91.48999786376952,73.37000274658203,39.16999816894531,73.5999984741211,98.95999908447266,107.72000122070312,13.979999542236328,321.6400146484375,410.9299926757813,109.20999908447266,103.0500030517578,46.43000030517578,40.209999084472656
2023-05-10,99.6500015258789,91.5,73.81999969482422,39.150001525878906,73.44999694824219,99.6999969482422,108.56999969482422,13.9399995803833,325.1400146484375,412.8500061035156,109.56999969482422,104.0500030517578,46.36000061035156,40.220001220703125
2023-05-11,99.9499969482422,91.55999755859376,74.05999755859375,39.0099983215332,73.2699966430664,100.06999969482422,108.98999786376952,13.68000030517578,326.20001220703125,412.1300048828125,109.80999755859376,105.1500015258789,46.150001525878906,40.060001373291016
2023-05-12,99.38999938964844,91.58000183105467,73.66999816894531,38.54999923706055,73.13999938964844,99.47000122070312,108.31999969482422,13.59000015258789,325.0299987792969,411.5899963378906,109.41999816894533,104.2699966430664,46.04999923706055,39.61000061035156
2023-05-15,99.13999938964844,91.58999633789062,73.4800033569336,39.2599983215332,73.69999694824219,99.25,107.73999786376952,13.75,326.7900085449219,413.010009765625,109.26000213623048,103.19000244140624,46.45000076293945,40.29999923706055
2023-05-16,98.91000366210938,91.58000183105467,73.30000305175781,38.97999954223633,73.0,98.93000030517578,107.1999969482422,13.609999656677246,327.1600036621094,410.25,108.97000122070312,102.87999725341795,45.970001220703125,40.02000045776367
2023-05-17,98.76000213623048,91.5999984741211,73.16999816894531,39.15999984741211,73.33999633789062,98.61000061035156,107.19000244140624,13.779999732971191,331.1199951171875,415.2300109863281,108.91999816894533,102.58000183105467,46.209999084472656,40.15999984741211
2023-05-18,98.3000030517578,91.6500015258789,72.87000274658203,38.95000076293945,73.2300033569336,98.0,106.73999786376952,13.640000343322754,337.2699890136719,419.2300109863281,108.55999755859376,101.81999969482422,46.119998931884766,39.90999984741211
2023-05-19,98.08000183105467,91.6500015258789,72.66999816894531,38.97999954223633,73.66000366210938,97.62999725341795,106.61000061035156,13.619999885559082,336.510009765625,418.6199951171875,108.3000030517578,101.0999984741211,46.400001525878906,39.88999938964844
2023-05-22,97.98999786376952,91.66000366210938,72.6500015258789,39.29999923706055,73.68000030517578,97.4499969482422,106.56999969482422,13.619999885559082,337.6400146484375,418.7900085449219,108.0999984741211,100.73999786376952,46.43999862670898,40.150001525878906
2023-05-23,98.0999984741211,91.66000366210938,72.69999694824219,38.68999862670898,72.5999984741211,97.61000061035156,106.79000091552734,13.68000030517578,333.3599853515625,414.0899963378906,108.43000030517578,101.02999877929688,45.790000915527344,39.54999923706055
2023-05-24,97.8499984741211,91.66000366210938,72.5,38.400001525878906,71.54000091552734,97.36000061035156,106.37000274658205,13.699999809265137,331.6499938964844,411.0899963378906,108.08999633789062,100.52999877929688,45.13999938964844,39.27000045776367
2023-05-25,97.48999786376952,91.72000122070312,72.2300033569336,38.31999969482422,71.44000244140625,96.75,106.0199966430664,13.479999542236328,339.7200012207031,414.6499938964844,107.5999984741211,100.27999877929688,45.040000915527344,39.20000076293945
2023-05-26,97.56999969482422,91.73999786376952,72.31999969482422,39.0,72.13999938964844,96.93000030517578,106.47000122070312,13.699999809265137,348.3999938964844,420.0199890136719,107.7300033569336,101.08999633789062,45.459999084472656,39.84999847412109
2023-05-30,98.22000122070312,91.75,72.80000305175781,38.54999923706055,71.41000366210938,97.69000244140624,107.2699966430664,13.369999885559082,349.9800109863281,420.1799926757813,108.16000366210938,102.0999984741211,45.06999969482422,39.33000183105469
2023-05-31,98.56999969482422,91.7699966430664,73.04000091552734,38.18999862670898,70.66999816894531,98.05999755859376,107.62000274658205,13.229999542236328,347.989990234375,417.8500061035156,108.3000030517578,102.98999786376952,44.630001068115234,39.04999923706055
2023-06-01,98.61000061035156,91.4499969482422,73.05000305175781,38.869998931884766,71.72000122070312,98.0999984741211,107.5999984741211,13.43000030517578,352.010009765625,421.8200073242188,108.16000366210938,103.12000274658205,45.31999969482422,39.720001220703125
2023-06-02,98.08999633789062,91.45999908447266,72.63999938964844,39.540000915527344,72.6500015258789,97.31999969482422,107.30999755859376,13.630000114440918,354.6499938964844,427.9200134277344,107.62999725341795,101.98999786376952,45.9900016784668,40.34999847412109
2023-06-05,98.08000183105467,91.45999908447266,72.6500015258789,39.52999877929688,72.2300033569336,97.29000091552734,107.08000183105467,13.609999656677246,354.8999938964844,427.1000061035156,107.7699966430664,101.8000030517578,45.70000076293945,40.310001373291016
2023-06-06,98.1999969482422,91.4800033569336,72.75,39.880001068115234,72.83000183105469,97.3499984741211,107.29000091552734,13.609999656677246,354.8399963378906,428.0299987792969,107.83000183105467,102.4000015258789,46.09999847412109,40.619998931884766
2023-06-07,97.68000030517578,91.48999786376952,72.33999633789062,39.400001525878906,70.88999938964844,96.63999938964844,106.33000183105467,13.649999618530272,348.82000732421875,426.5499877929688,107.33000183105467,100.87999725341795,45.65999984741211,40.52999877929688
2023-06-08,98.1999969482422,91.54000091552734,72.69999694824219,39.68000030517578,71.63999938964844,97.29000091552734,107.04000091552734,13.65999984741211,353.1499938964844,429.1300048828125,107.86000061035156,102.05999755859376,46.130001068115234,40.75
2023-06-09,97.97000122070312,91.5500030517578,72.55000305175781,39.86000061035156,71.5199966430664,96.94000244140624,106.76000213623048,13.600000381469728,354.5,429.8999938964844,107.55999755859376,101.91999816894533,46.11000061035156,40.86000061035156
2023-06-12,98.13999938964844,91.55999755859376,72.69999694824219,39.93999862670898,71.83000183105469,97.0999984741211,107.0999984741211,13.40999984741211,360.489990234375,433.7999877929688,107.6500015258789,102.22000122070312,46.31999969482422,40.959999084472656
2023-06-13,97.68000030517578,91.58000183105467,72.37999725341797,40.34000015258789,72.51000213623047,96.41000366210938,106.62000274658205,13.579999923706056,363.260009765625,436.6600036621094,107.0999984741211,101.20999908447266,46.77000045776367,41.29999923706055
2023-06-14,97.7699966430664,91.5999984741211,72.44000244140625,40.63999938964844,72.77999877929688,96.54000091552734,106.9499969482422,13.609999656677246,365.8999938964844,437.1799926757813,107.37000274658205,102.0199966430664,46.88999938964844,41.68999862670898
2023-06-15,98.4499969482422,91.63999938964844,72.88999938964844,41.02000045776367,73.55000305175781,97.29000091552734,107.87999725341795,13.90999984741211,370.260009765625,442.6000061035156,108.0500030517578,103.0,47.33000183105469,42.09000015258789
2023-06-16,98.13999938964844,91.6500015258789,72.7300033569336,40.880001068115234,73.38999938964844,96.87000274658205,107.69000244140624,14.100000381469728,367.9299926757813,439.4599914550781,107.7699966430664,102.5999984741211,47.18999862670898,41.93999862670898
2023-06-20,98.31999969482422,91.66999816894533,72.83000183105469,40.08000183105469,72.41999816894531,97.16000366210938,108.08000183105467,13.979999542236328,366.8999938964844,437.1799926757813,108.0,103.30999755859376,46.130001068115234,40.970001220703125
2023-06-21,98.4800033569336,91.66999816894533,72.94999694824219,39.88999938964844,72.52999877929688,97.25,107.95999908447266,14.170000076293944,361.8999938964844,434.9400024414063,108.01000213623048,103.55999755859376,46.20000076293945,40.900001525878906
2023-06-22,97.97000122070312,91.70999908447266,72.5999984741211,39.75,72.08000183105469,96.6999969482422,107.4000015258789,13.890000343322754,366.1700134277344,436.510009765625,107.62999725341795,102.30999755859376,45.91999816894531,40.720001220703125
2023-06-23,98.26000213623048,91.72000122070312,72.80999755859375,39.16999816894531,70.95999908447266,97.0999984741211,107.6999969482422,13.739999771118164,362.5400085449219,433.2099914550781,107.88999938964844,103.33000183105467,45.18000030517578,40.150001525878906
2023-06-26,98.37999725341795,91.7300033569336,72.9000015258789,39.29999923706055,71.05000305175781,97.33999633789062,107.81999969482422,13.760000228881836,357.67999267578125,431.4400024414063,107.94000244140624,103.44000244140624,45.31999969482422,40.27999877929688
2023-06-27,98.19000244140624,91.75,72.76000213623047,39.70000076293945,71.66999816894531,97.0,107.6999969482422,13.539999961853027,363.8299865722656,436.1700134277344,107.63999938964844,103.16999816894533,45.68999862670898,40.65999984741211
2023-06-28,98.4800033569336,91.76000213623048,72.98999786376953,39.459999084472656,71.72000122070312,97.38999938964844,108.16999816894533,13.489999771118164,364.5400085449219,436.3900146484375,107.86000061035156,103.61000061035156,45.70000076293945,40.5
2023-06-29,97.72000122070312,91.79000091552734,72.44000244140625,39.25,71.62000274658203,96.38999938964844,107.3499984741211,13.5,363.80999755859375,438.1099853515625,107.1500015258789,101.73999786376952,45.63999938964844,40.33000183105469
2023-06-30,97.9499969482422,91.81999969482422,72.69000244140625,39.560001373291016,72.5,96.5999984741211,108.13999938964844,13.604999542236328,369.4200134277344,443.2799987792969,107.62000274658205,102.94000244140624,46.18000030517578,40.68000030517578
2023-07-03,97.58000183105467,91.47000122070312,72.30000305175781,40.0,72.41999816894531,95.9499969482422,107.48999786376952,13.619999885559082,370.2900085449219,443.7900085449219,106.98999786376952,102.08000183105467,46.2599983215332,41.08000183105469
2023-07-05,97.13999938964844,91.4800033569336,72.0,39.7599983215332,71.61000061035156,95.48999786376952,106.72000122070312,13.699999809265137,370.2799987792969,443.1300048828125,106.4800033569336,101.11000061035156,45.7599983215332,40.880001068115234
2023-07-06,96.51000213623048,91.51000213623048,71.54000091552734,38.95000076293945,70.37000274658203,94.70999908447266,105.63999938964844,13.6899995803833,367.4599914550781,439.6600036621094,105.91999816894533,99.68000030517578,44.95000076293945,40.09999847412109
2023-07-07,96.52999877929688,91.5199966430664,71.5,39.38999938964844,70.9000015258789,94.58999633789062,105.54000091552734,13.789999961853027,366.239990234375,438.5499877929688,105.8499984741211,99.08000183105467,45.33000183105469,40.58000183105469
2023-07-10,96.8000030517578,91.54000091552734,71.75,39.41999816894531,71.0999984741211,95.08000183105467,106.08999633789062,13.81999969482422,366.3599853515625,439.6600036621094,106.0999984741211,99.20999908447266,45.45000076293945,40.59000015258789
2023-07-11,97.01000213623048,91.5500030517578,71.9000015258789,39.81999969482422,71.73999786376953,95.27999877929688,106.58999633789062,13.989999771118164,368.1700134277344,442.4599914550781,105.9800033569336,99.72000122070312,45.88999938964844,40.95000076293945
2023-07-12,97.8000030517578,91.56999969482422,72.47000122070312,40.709999084472656,73.11000061035156,96.20999908447266,107.52999877929688,14.100000381469728,372.8200073242188,446.0199890136719,107.1500015258789,100.83000183105467,46.77000045776367,41.72999954223633
2023-07-13,98.41000366210938,91.61000061035156,72.91000366210938,41.2400016784668,74.27999877929688,97.01000213623048,108.29000091552734,14.300000190734863,379.1499938964844,449.55999755859375,107.6999969482422,101.88999938964844,47.4900016784668,42.18999862670898
2023-07-14,97.94000244140624,91.62000274658205,72.56999969482422,41.0099983215332,73.86000061035156,96.52999877929688,107.4499969482422,14.199999809265137,379.0700073242188,449.2799987792969,107.12999725341795,101.29000091552734,47.20000076293945,41.93000030517578
2023-07-17,98.0500030517578,91.62999725341795,72.6500015258789,41.060001373291016,73.7699966430664,96.69000244140624,107.62999725341795,14.050000190734863,382.6099853515625,450.8399963378906,107.33000183105467,101.33999633789062,47.18000030517578,41.97999954223633
2023-07-18,98.12999725341795,91.62999725341795,72.73999786376953,40.7599983215332,74.25,96.8000030517578,107.9000015258789,14.239999771118164,385.739990234375,454.1900024414063,107.27999877929688,101.8000030517578,47.52000045776367,41.68000030517578
2023-07-19,98.43000030517578,91.6500015258789,72.91000366210938,40.68000030517578,74.20999908447266,97.12999725341795,108.51000213623048,14.3100004196167,385.6499938964844,455.2000122070313,107.6500015258789,102.9499969482422,47.5099983215332,41.619998931884766
2023-07-20,97.91999816894533,91.6999969482422,72.56999969482422,40.380001068115234,73.83000183105469,96.36000061035156,107.77999877929688,14.369999885559082,376.760009765625,452.1799926757813,107.61000061035156,101.6999969482422,47.22999954223633,41.36000061035156
2023-07-21,97.98999786376952,91.6999969482422,72.62000274658203,40.31999969482422,73.9800033569336,96.44000244140624,107.97000122070312,14.460000038146973,375.6300048828125,452.1799926757813,107.61000061035156,101.7300033569336,47.290000915527344,41.34000015258789
2023-07-24,97.80999755859376,91.70999908447266,72.5,40.869998931884766,73.80000305175781,96.20999908447266,107.83999633789062,14.710000038146973,376.2300109863281,454.2000122070313,107.66000366210938,101.36000061035156,47.2400016784668,41.88999938964844
2023-07-25,97.6999969482422,91.72000122070312,72.41999816894531,41.209999084472656,73.87999725341797,96.02999877929688,107.66999816894533,14.779999732971191,378.7799987792969,455.4400024414063,107.47000122070312,101.16999816894533,47.380001068115234,42.209999084472656
2023-07-26,98.0199966430664,91.7300033569336,72.66000366210938,41.45000076293945,74.08000183105469,96.36000061035156,108.16999816894533,14.699999809265137,377.5199890136719,455.510009765625,107.51000213623048,101.2699966430664,47.43999862670898,42.470001220703125
2023-07-27,97.18000030517578,91.77999877929688,72.04000091552734,40.93999862670898,73.91000366210938,95.30999755859376,106.8499984741211,14.68000030517578,376.6199951171875,452.489990234375,106.72000122070312,99.3000030517578,47.2400016784668,42.0
2023-07-28,97.55999755859376,91.79000091552734,72.29000091552734,41.93000030517578,74.44000244140625,95.62000274658205,107.5500030517578,14.739999771118164,383.4800109863281,456.9200134277344,107.12999725341795,99.80999755859376,47.630001068115234,43.02000045776367
2023-07-31,97.68000030517578,91.8000030517578,72.41999816894531,41.95000076293945,74.45999908447266,95.73999786376952,107.8499984741211,14.789999961853027,383.6799926757813,457.7900085449219,107.16000366210938,100.0500030517578,47.630001068115234,43.06999969482422
2023-08-01,96.7699966430664,91.43000030517578,71.77999877929688,41.41999816894531,73.52999877929688,94.94000244140624,106.41000366210938,14.720000267028809,382.7900085449219,456.4800109863281,106.3000030517578,98.13999938964844,47.09999847412109,42.470001220703125
2023-08-02,96.54000091552734,91.44000244140625,71.55000305175781,40.43000030517578,72.16000366210938,94.75,105.76000213623047,14.5,374.3900146484375,450.1300048828125,106.11000061035156,97.08999633789062,46.189998626708984,41.54999923706055
