index,Open,High,Low,Close,Volume,Ticker
2016-01-04 09:30:00,18.841,18.869,18.524,18.574,6375,KORU
2016-01-04 09:32:00,18.62,18.647,18.603,18.635,140,KORU
2016-01-04 09:40:00,18.623,18.65,18.604,18.636,300,KORU
2016-01-04 09:47:00,18.568,18.596,18.552,18.584,459,KORU
2016-01-04 10:24:00,18.577,18.605,18.561,18.593,240,KORU
2016-01-04 10:59:00,18.468,18.496,18.452,18.484,115,KORU
2016-01-04 11:53:00,18.554,18.582,18.537,18.569,200,KORU
2016-01-04 11:54:00,18.556,18.583,18.539,18.571,200,KORU
2016-01-04 11:55:00,18.552,18.58,18.535,18.567,400,KORU
2016-01-04 12:29:00,18.632,18.659,18.615,18.647,100,KORU
2016-01-04 14:49:00,18.695,18.726,18.678,18.713,210,KORU
2016-01-04 14:51:00,18.704,18.732,18.688,18.72,400,KORU
2016-01-04 15:28:00,18.704,18.732,18.678,18.711,500,KORU
2016-01-04 15:29:00,18.686,18.714,18.669,18.702,300,KORU
2016-01-04 15:47:00,18.832,18.859,18.815,18.847,140,KORU
2016-01-05 09:52:00,19.449,19.478,19.431,19.465,300,KORU
2016-01-06 09:30:00,18.305,18.332,18.288,18.32,600,KORU
2016-01-06 09:34:00,18.232,18.259,18.216,18.247,600,KORU
2016-01-06 10:56:00,18.178,18.205,18.161,18.193,200,KORU
2016-01-06 11:44:00,18.269,18.296,18.252,18.284,234,KORU
2016-01-06 11:47:00,18.269,18.296,18.252,18.284,100,KORU
2016-01-06 13:11:00,17.969,17.996,17.953,17.984,200,KORU
2016-01-06 14:08:00,18.024,18.05,18.007,18.038,100,KORU
2016-01-07 10:30:00,17.524,17.55,17.508,17.538,500,KORU
2016-01-07 11:07:00,17.802,17.828,17.786,17.817,180,KORU
2016-01-07 11:20:00,17.804,17.831,17.788,17.819,100,KORU
2016-01-07 12:35:00,17.66,17.686,17.633,17.663,800,KORU
2016-01-07 13:25:00,17.546,17.572,17.53,17.56,100,KORU
2016-01-07 14:24:00,17.297,17.323,17.265,17.295,900,KORU
2016-01-08 09:30:00,17.624,17.65,17.608,17.638,290,KORU
2016-01-08 10:11:00,17.288,17.314,17.254,17.284,700,KORU
2016-01-08 10:12:00,17.27,17.295,17.254,17.284,100,KORU
2016-01-08 12:00:00,17.268,17.293,17.252,17.282,300,KORU
2016-01-11 10:56:00,17.279,17.304,17.263,17.293,400,KORU
2016-01-11 12:47:00,17.215,17.241,17.2,17.229,100,KORU
2016-01-11 13:17:00,17.111,17.137,17.096,17.125,100,KORU
2016-01-11 13:40:00,17.125,17.15,17.109,17.139,100,KORU
2016-01-11 15:30:00,17.497,17.523,17.481,17.511,100,KORU
2016-01-11 15:38:00,17.55,17.576,17.534,17.565,200,KORU
2016-01-11 15:41:00,17.651,17.677,17.635,17.666,200,KORU
2016-01-11 15:47:00,17.605,17.631,17.589,17.619,200,KORU
2016-01-11 15:50:00,17.624,17.65,17.608,17.638,300,KORU
2016-01-11 15:54:00,17.651,17.677,17.635,17.666,200,KORU
2016-01-12 09:30:00,17.47,17.495,17.454,17.484,100,KORU
2016-01-12 09:51:00,17.524,17.55,17.508,17.539,100,KORU
2016-01-12 10:06:00,17.515,17.541,17.499,17.529,100,KORU
2016-01-12 10:24:00,17.352,17.377,17.336,17.366,100,KORU
2016-01-12 11:27:00,17.243,17.268,17.227,17.257,100,KORU
2016-01-12 11:33:00,17.197,17.223,17.182,17.211,100,KORU
2016-01-12 12:26:00,17.188,17.223,17.173,17.211,200,KORU
2016-01-12 12:30:00,17.215,17.25,17.2,17.239,1200,KORU
2016-01-12 14:01:00,17.152,17.177,17.127,17.157,200,KORU
2016-01-12 15:30:00,17.37,17.395,17.354,17.384,100,KORU
2016-01-13 09:58:00,18.236,18.263,18.219,18.251,1000,KORU
2016-01-13 10:17:00,18.046,18.073,18.03,18.061,400,KORU
2016-01-13 10:40:00,17.964,17.99,17.947,17.978,150,KORU
2016-01-13 12:09:00,17.933,17.959,17.916,17.947,400,KORU
2016-01-13 12:27:00,17.933,17.959,17.916,17.947,600,KORU
2016-01-13 12:45:00,17.887,17.914,17.871,17.902,200,KORU
2016-01-13 12:52:00,17.878,17.905,17.844,17.875,800,KORU
2016-01-13 13:31:00,17.751,17.777,17.735,17.766,1000,KORU
2016-01-13 14:05:00,17.57,17.595,17.554,17.584,1000,KORU
2016-01-13 14:18:00,17.479,17.505,17.463,17.493,1000,KORU
2016-01-13 15:48:00,17.246,17.272,17.231,17.261,180,KORU
2016-01-13 15:53:00,17.188,17.214,17.173,17.202,100,KORU
2016-01-13 15:58:00,17.159,17.184,17.144,17.173,114,KORU
2016-01-15 09:30:00,15.744,15.768,15.54,15.567,850,KORU
2016-01-15 10:51:00,15.762,15.785,15.747,15.775,100,KORU
2016-01-15 11:44:00,15.681,15.704,15.667,15.694,100,KORU
2016-01-15 12:07:00,15.436,15.459,15.422,15.448,1200,KORU
2016-01-15 12:08:00,15.436,15.459,15.422,15.448,300,KORU
2016-01-15 13:05:00,15.256,15.278,15.242,15.268,200,KORU
2016-01-15 13:29:00,15.344,15.367,15.33,15.357,200,KORU
2016-01-15 15:08:00,15.625,15.648,15.61,15.637,500,KORU
2016-01-15 15:10:00,15.549,15.572,15.535,15.562,500,KORU
2016-01-15 15:30:00,15.617,15.65,15.586,15.639,1400,KORU
2016-01-20 09:30:00,15.399,15.422,15.385,15.412,1210,KORU
2016-01-20 09:56:00,15.154,15.177,15.141,15.167,200,KORU
2016-01-20 12:19:00,14.528,14.549,14.515,14.54,1000,KORU
2016-01-20 15:11:00,15.056,15.079,15.043,15.069,200,KORU
2016-01-20 15:17:00,15.154,15.177,15.141,15.167,500,KORU
2016-01-20 15:20:00,15.427,15.449,15.413,15.439,1000,KORU
2016-01-20 15:21:00,15.431,15.454,15.417,15.443,100,KORU
2016-01-21 09:30:00,15.763,15.786,15.748,15.776,100,KORU
2016-01-21 10:07:00,15.754,15.777,15.739,15.766,500,KORU
2016-01-21 10:15:00,15.898,15.921,15.864,15.892,200,KORU
2016-01-21 10:18:00,15.912,15.936,15.898,15.925,100,KORU
2016-01-22 09:30:00,17.279,17.304,17.238,17.268,700,KORU
2016-01-22 09:33:00,17.333,17.359,17.318,17.348,608,KORU
2016-01-22 09:36:00,17.279,17.304,17.263,17.293,100,KORU
2016-01-22 09:37:00,17.288,17.313,17.272,17.302,500,KORU
2016-01-22 09:38:00,17.234,17.259,17.218,17.248,100,KORU
2016-01-22 10:25:00,17.406,17.432,17.39,17.42,100,KORU
2016-01-22 10:32:00,17.37,17.395,17.354,17.384,100,KORU
2016-01-22 10:55:00,17.252,17.277,17.236,17.266,300,KORU
2016-01-22 11:10:00,17.152,17.177,17.136,17.166,100,KORU
2016-01-22 11:45:00,17.097,17.123,17.082,17.111,100,KORU
2016-01-22 11:55:00,17.097,17.123,17.082,17.111,200,KORU
2016-01-22 11:59:00,17.097,17.123,17.082,17.111,100,KORU
2016-01-22 12:03:00,17.097,17.123,17.082,17.111,100,KORU
2016-01-22 12:10:00,17.097,17.123,17.082,17.111,200,KORU
2016-01-22 12:20:00,17.116,17.141,17.1,17.13,100,KORU
2016-01-22 12:22:00,17.143,17.168,17.127,17.157,100,KORU
2016-01-22 12:25:00,17.169,17.194,17.154,17.183,150,KORU
2016-01-22 12:30:00,17.106,17.132,17.091,17.12,100,KORU
2016-01-22 12:45:00,17.134,17.159,17.118,17.148,100,KORU
2016-01-22 12:55:00,17.106,17.132,17.091,17.12,100,KORU
2016-01-22 13:00:00,17.134,17.159,17.118,17.148,100,KORU
2016-01-22 13:09:00,17.097,17.123,17.082,17.111,200,KORU
2016-01-22 13:10:00,17.097,17.123,17.082,17.111,100,KORU
2016-01-22 13:35:00,17.116,17.141,17.1,17.13,100,KORU
2016-01-22 14:01:00,17.197,17.223,17.182,17.211,100,KORU
2016-01-22 14:15:00,17.206,17.232,17.191,17.22,400,KORU
2016-01-22 14:16:00,17.188,17.214,17.173,17.202,200,KORU
2016-01-22 14:30:00,17.116,17.141,17.1,17.13,259,KORU
2016-01-22 14:50:00,17.043,17.068,17.027,17.057,100,KORU
2016-01-22 15:18:00,17.097,17.123,17.064,17.093,2000,KORU
2016-01-22 15:30:00,17.125,17.15,17.109,17.139,100,KORU
2016-01-22 15:58:00,17.279,17.304,17.263,17.293,100,KORU
2016-01-25 10:05:00,17.315,17.341,17.3,17.329,500,KORU
2016-01-25 14:57:00,17.161,17.204,17.145,17.193,1533,KORU
2016-01-25 15:24:00,16.916,16.968,16.9,16.957,2400,KORU
2016-01-25 15:25:00,16.952,17.041,16.937,17.03,3400,KORU
2016-01-25 15:49:00,16.734,16.804,16.719,16.793,400,KORU
2016-01-25 15:50:00,16.789,16.813,16.773,16.802,200,KORU
2016-01-26 09:40:00,16.689,16.713,16.674,16.702,200,KORU
2016-01-26 10:40:00,16.907,16.932,16.891,16.921,100,KORU
2016-01-26 10:41:00,16.898,16.923,16.882,16.911,100,KORU
2016-01-26 10:45:00,16.898,16.923,16.882,16.911,100,KORU
2016-01-26 11:34:00,16.816,16.841,16.801,16.83,100,KORU
2016-01-26 12:32:00,16.96,16.985,16.945,16.974,100,KORU
2016-01-27 09:40:00,17.125,17.15,17.109,17.139,100,KORU
2016-01-27 10:41:00,16.997,17.023,16.982,17.011,100,KORU
2016-01-28 09:30:00,17.288,17.314,17.272,17.302,910,KORU
2016-01-28 09:35:00,17.315,17.341,17.263,17.302,400,KORU
2016-01-28 09:36:00,17.27,17.323,17.254,17.311,400,KORU
2016-01-28 09:37:00,17.234,17.259,17.218,17.248,110,KORU
2016-01-28 10:18:00,17.106,17.132,17.091,17.12,1500,KORU
2016-01-28 13:51:00,17.061,17.086,17.046,17.075,100,KORU
2016-01-28 13:53:00,17.05,17.075,17.034,17.063,100,KORU
2016-01-28 13:55:00,17.07,17.095,17.055,17.084,100,KORU
2016-01-29 09:34:00,17.052,17.114,17.036,17.102,1700,KORU
2016-01-29 11:41:00,17.025,17.05,17.009,17.039,500,KORU
2016-01-29 14:11:00,17.224,17.25,17.209,17.239,100,KORU
2016-01-29 15:32:00,17.515,17.541,17.499,17.529,200,KORU
2016-01-29 15:48:00,17.57,17.599,17.554,17.585,1000,KORU
2016-01-29 15:50:00,17.633,17.659,17.617,17.647,400,KORU
2016-02-01 09:46:00,17.266,17.291,17.25,17.28,577,KORU
2016-02-01 12:22:00,17.27,17.295,17.254,17.284,100,KORU
2016-02-01 14:52:00,17.372,17.398,17.357,17.387,1000,KORU
2016-02-02 09:30:00,16.816,16.841,16.801,16.83,102,KORU
2016-02-02 11:35:00,16.371,16.422,16.356,16.412,414,KORU
2016-02-02 12:06:00,16.307,16.331,16.293,16.321,500,KORU
2016-02-02 14:25:00,16.035,16.059,16.02,16.048,300,KORU
2016-02-02 14:39:00,16.065,16.089,16.049,16.076,500,KORU
2016-02-03 10:36:00,15.626,15.65,15.612,15.639,200,KORU
2016-02-03 10:37:00,15.626,15.65,15.612,15.639,1000,KORU
2016-02-04 09:30:00,17.887,18.168,17.871,18.156,1100,KORU
2016-02-04 09:32:00,18.16,18.187,18.143,18.175,600,KORU
2016-02-04 09:47:00,18.16,18.187,18.143,18.175,1500,KORU
2016-02-04 10:09:00,18.314,18.341,18.297,18.329,400,KORU
2016-02-04 10:12:00,18.387,18.414,18.37,18.402,477,KORU
2016-02-04 10:23:00,18.559,18.587,18.542,18.574,125,KORU
2016-02-04 10:34:00,18.55,18.578,18.533,18.565,200,KORU
2016-02-04 10:40:00,18.523,18.55,18.506,18.538,900,KORU
2016-02-04 11:29:00,18.293,18.32,18.276,18.308,300,KORU
2016-02-04 13:37:00,18.142,18.168,18.125,18.156,375,KORU
2016-02-04 15:59:00,18.026,18.068,18.01,18.056,500,KORU
2016-02-05 09:30:00,17.933,17.959,17.907,17.938,804,KORU
2016-02-05 10:33:00,17.442,17.468,17.427,17.457,263,KORU
2016-02-05 11:08:00,17.405,17.431,17.389,17.419,704,KORU
2016-02-05 11:38:00,17.433,17.459,17.417,17.448,100,KORU
2016-02-05 14:15:00,17.283,17.308,17.267,17.297,200,KORU
2016-02-08 13:23:00,16.553,16.577,16.538,16.566,100,KORU
2016-02-09 11:53:00,16.135,16.159,16.12,16.148,100,KORU
2016-02-09 12:06:00,16.117,16.141,16.102,16.13,200,KORU
2016-02-09 15:30:00,16.534,16.559,16.519,16.548,100,KORU
2016-02-10 09:35:00,16.934,16.959,16.919,16.948,488,KORU
2016-02-10 14:02:00,17.161,17.186,17.145,17.175,110,KORU
2016-02-11 09:30:00,15.636,15.659,15.585,15.612,2110,KORU
2016-02-11 09:34:00,15.617,15.64,15.603,15.63,400,KORU
2016-02-11 10:26:00,15.69,15.722,15.676,15.703,1100,KORU
2016-02-11 10:28:00,15.672,15.695,15.658,15.685,400,KORU
2016-02-11 11:05:00,15.59,15.613,15.576,15.603,150,KORU
2016-02-11 11:40:00,15.626,15.649,15.612,15.639,100,KORU
2016-02-11 12:30:00,15.626,15.65,15.612,15.639,100,KORU
2016-02-12 09:51:00,15.603,15.626,15.586,15.616,580,KORU
2016-02-12 11:00:00,15.708,15.731,15.694,15.721,100,KORU
2016-02-16 11:04:00,16.168,16.192,16.154,16.182,175,KORU
2016-02-16 14:09:00,16.362,16.386,16.347,16.375,150,KORU
2016-02-16 14:12:00,16.389,16.413,16.374,16.403,100,KORU
2016-02-16 14:14:00,16.385,16.409,16.37,16.399,150,KORU
2016-02-16 15:37:00,16.432,16.456,16.417,16.446,325,KORU
2016-02-17 13:17:00,17.202,17.227,17.186,17.216,150,KORU
2016-02-17 13:32:00,17.143,17.168,17.118,17.148,500,KORU
2016-02-17 15:43:00,17.142,17.168,17.124,17.153,2100,KORU
2016-02-18 09:30:00,16.689,16.713,16.674,16.702,450,KORU
2016-02-19 10:31:00,16.42,16.444,16.405,16.433,2000,KORU
2016-02-22 09:36:00,17.134,17.159,17.118,17.148,100,KORU
2016-02-22 14:16:00,17.234,17.259,17.218,17.248,100,KORU
2016-02-22 14:43:00,17.249,17.274,17.233,17.263,100,KORU
2016-02-23 09:30:00,16.961,16.986,16.946,16.975,130,KORU
2016-02-23 12:05:00,16.68,16.704,16.665,16.693,187,KORU
2016-02-25 15:13:00,16.589,16.613,16.574,16.602,450,KORU
2016-02-26 09:39:00,16.591,16.616,16.576,16.605,150,KORU
2016-02-26 09:58:00,16.457,16.481,16.442,16.471,848,KORU
2016-02-29 09:30:00,16.362,16.386,16.347,16.375,125,KORU
2016-03-01 11:27:00,17.27,17.295,17.254,17.284,200,KORU
2016-03-01 11:28:00,17.279,17.304,17.263,17.293,100,KORU
2016-03-01 11:30:00,17.279,17.304,17.263,17.293,100,KORU
2016-03-01 11:48:00,17.397,17.423,17.372,17.411,1000,KORU
2016-03-01 11:53:00,17.424,17.45,17.409,17.439,100,KORU
2016-03-01 13:23:00,17.497,17.523,17.472,17.502,500,KORU
2016-03-01 14:46:00,17.624,17.65,17.608,17.638,1075,KORU
2016-03-01 14:50:00,17.63,17.656,17.614,17.644,100,KORU
2016-03-02 13:15:00,17.675,17.701,17.659,17.689,100,KORU
2016-03-02 13:48:00,17.733,17.759,17.681,17.711,200,KORU
2016-03-02 14:27:00,17.742,17.768,17.726,17.757,200,KORU
2016-03-02 15:39:00,17.833,17.859,17.817,17.847,100,KORU
2016-03-03 12:37:00,18.596,18.623,18.533,18.565,400,KORU
2016-03-03 12:38:00,18.572,18.614,18.524,18.602,650,KORU
2016-03-03 12:43:00,18.605,18.632,18.588,18.62,500,KORU
2016-03-03 13:46:00,18.695,18.723,18.678,18.711,1000,KORU
2016-03-03 15:47:00,18.641,18.669,18.624,18.656,600,KORU
2016-03-03 15:55:00,18.678,18.706,18.661,18.693,150,KORU
2016-03-03 15:58:00,18.698,18.726,18.681,18.713,125,KORU
2016-03-04 09:45:00,19.004,19.032,18.987,19.02,200,KORU
2016-03-04 11:58:00,19.462,19.491,19.444,19.478,150,KORU
2016-03-04 12:06:00,19.499,19.528,19.481,19.515,370,KORU
2016-03-04 12:11:00,19.467,19.496,19.44,19.483,1000,KORU
2016-03-04 12:12:00,19.462,19.49,19.444,19.478,220,KORU
2016-03-04 12:13:00,19.458,19.51,19.44,19.497,600,KORU
2016-03-04 12:36:00,19.476,19.514,19.459,19.501,1600,KORU
2016-03-04 13:41:00,19.548,19.577,19.53,19.564,300,KORU
2016-03-04 13:43:00,19.558,19.589,19.54,19.576,400,KORU
2016-03-04 13:44:00,19.594,19.632,19.549,19.61,1200,KORU
2016-03-04 13:46:00,19.558,19.623,19.54,19.61,800,KORU
2016-03-04 14:08:00,19.594,19.623,19.576,19.61,570,KORU
2016-03-04 14:10:00,19.59,19.619,19.573,19.606,480,KORU
2016-03-04 15:33:00,19.603,19.632,19.586,19.619,100,KORU
2016-03-04 15:43:00,19.623,19.652,19.606,19.639,200,KORU
2016-03-04 15:52:00,19.594,19.658,19.577,19.645,550,KORU
2016-03-07 09:42:00,19.081,19.109,19.014,19.047,1038,KORU
2016-03-07 11:38:00,19.313,19.341,19.295,19.329,155,KORU
2016-03-07 12:38:00,19.435,19.463,19.417,19.45,233,KORU
2016-03-08 09:35:00,18.197,18.227,18.18,18.215,1318,KORU
2016-03-08 11:04:00,18.22,18.247,18.204,18.235,249,KORU
2016-03-08 11:06:00,18.197,18.224,18.18,18.212,249,KORU
2016-03-08 12:31:00,18.36,18.387,18.343,18.375,300,KORU
2016-03-08 12:32:00,18.359,18.387,18.288,18.32,500,KORU
2016-03-09 10:33:00,18.586,18.614,18.57,18.602,150,KORU
2016-03-09 11:40:00,18.604,18.631,18.587,18.619,500,KORU
2016-03-09 12:32:00,18.549,18.577,18.532,18.564,265,KORU
2016-03-09 15:37:00,18.387,18.414,18.37,18.402,800,KORU
2016-03-10 10:36:00,19.413,19.441,19.395,19.429,150,KORU
2016-03-10 14:07:00,18.931,18.959,18.914,18.947,490,KORU
2016-03-10 14:24:00,18.995,19.023,18.978,19.011,980,KORU
2016-03-11 09:30:00,20.13,20.295,20.112,20.282,396,KORU
2016-03-11 09:34:00,20.411,20.442,20.393,20.428,160,KORU
2016-03-11 09:42:00,20.357,20.387,20.339,20.374,450,KORU
2016-03-11 10:23:00,20.412,20.442,20.393,20.428,900,KORU
2016-03-11 11:38:00,20.624,20.655,20.605,20.641,450,KORU
2016-03-11 11:41:00,20.593,20.624,20.556,20.61,1250,KORU
2016-03-11 11:42:00,20.579,20.611,20.56,20.597,500,KORU
2016-03-11 11:43:00,20.569,20.602,20.551,20.588,600,KORU
2016-03-11 12:01:00,20.602,20.633,20.583,20.619,4986,KORU
2016-03-11 12:49:00,20.611,20.642,20.593,20.628,166,KORU
2016-03-11 13:27:00,20.548,20.578,20.529,20.565,800,KORU
2016-03-11 13:56:00,20.675,20.705,20.656,20.692,300,KORU
2016-03-11 15:36:00,20.675,20.705,20.656,20.692,100,KORU
2016-03-14 10:06:00,20.075,20.105,20.057,20.092,500,KORU
2016-03-14 12:17:00,20.157,20.187,20.139,20.174,100,KORU
2016-03-14 12:18:00,20.157,20.187,20.13,20.174,1200,KORU
2016-03-14 13:02:00,20.22,20.25,20.202,20.237,300,KORU
2016-03-15 09:30:00,19.794,19.823,19.776,19.81,100,KORU
2016-03-17 09:30:00,21.773,21.824,21.754,21.809,700,KORU
2016-03-17 09:31:00,22.028,22.06,22.008,22.046,100,KORU
2016-03-17 09:37:00,21.991,22.024,21.971,22.009,100,KORU
2016-03-17 09:54:00,21.846,21.878,21.826,21.864,3994,KORU
2016-03-17 10:20:00,21.946,21.978,21.926,21.964,200,KORU
2016-03-17 10:22:00,21.955,21.988,21.935,21.973,100,KORU
2016-03-17 10:26:00,21.973,22.006,21.953,21.991,100,KORU
2016-03-17 10:27:00,21.982,22.015,21.962,22.0,100,KORU
2016-03-17 11:28:00,22.2,22.233,22.18,22.218,100,KORU
2016-03-17 12:52:00,22.464,22.497,22.443,22.482,100,KORU
2016-03-18 09:31:00,22.346,22.397,22.325,22.382,2580,KORU
2016-03-18 10:00:00,22.382,22.415,22.362,22.4,400,KORU
2016-03-18 10:13:00,22.491,22.524,22.47,22.509,500,KORU
2016-03-18 11:16:00,22.509,22.542,22.488,22.527,100,KORU
2016-03-18 12:01:00,22.491,22.524,22.47,22.509,215,KORU
2016-03-18 12:15:00,22.482,22.515,22.461,22.5,891,KORU
2016-03-18 14:09:00,22.387,22.42,22.367,22.406,1250,KORU
2016-03-21 09:30:00,22.246,22.278,22.225,22.264,300,KORU
2016-03-21 09:33:00,22.218,22.251,21.745,22.209,2580,KORU
2016-03-21 12:58:00,22.255,22.288,22.235,22.273,400,KORU
2016-03-21 12:59:00,22.246,22.288,22.225,22.273,800,KORU
2016-03-21 13:02:00,22.237,22.269,22.216,22.255,400,KORU
2016-03-21 13:30:00,22.336,22.369,22.316,22.355,200,KORU
2016-03-21 14:32:00,22.391,22.424,22.371,22.409,538,KORU
2016-03-21 15:54:00,22.355,22.406,22.334,22.391,4000,KORU
2016-03-22 09:30:00,22.536,22.569,22.516,22.555,200,KORU
2016-03-22 10:52:00,22.7,22.733,22.679,22.718,200,KORU
2016-03-22 12:21:00,22.845,22.879,22.824,22.864,300,KORU
2016-03-22 12:22:00,22.845,22.879,22.824,22.864,200,KORU
2016-03-22 12:27:00,22.81,22.843,22.789,22.828,391,KORU
2016-03-23 15:55:00,21.676,21.708,21.656,21.694,1250,KORU
2016-03-24 09:30:00,21.329,21.642,21.309,21.571,4690,KORU
2016-03-24 13:01:00,21.374,21.406,21.355,21.391,147,KORU
2016-03-24 13:40:00,21.492,21.524,21.473,21.51,135,KORU
2016-03-28 11:55:00,21.692,21.724,21.672,21.71,135,KORU
2016-03-29 09:40:00,21.928,21.96,21.908,21.946,200,KORU
2016-03-29 10:08:00,21.991,22.024,21.971,22.009,200,KORU
2016-03-29 10:20:00,21.973,22.015,21.953,22.0,500,KORU
2016-03-29 10:34:00,21.982,22.015,21.962,22.0,100,KORU
2016-03-29 10:36:00,21.982,22.015,21.962,22.0,100,KORU
2016-03-29 11:21:00,22.028,22.06,22.008,22.046,100,KORU
2016-03-29 11:22:00,22.028,22.06,22.008,22.046,100,KORU
2016-03-29 11:30:00,22.028,22.06,22.008,22.046,100,KORU
2016-03-29 12:30:00,22.7,22.733,22.679,22.718,1000,KORU
2016-03-29 12:31:00,22.7,22.733,22.679,22.718,100,KORU
2016-03-29 12:32:00,22.691,22.724,22.67,22.709,100,KORU
2016-03-29 13:30:00,22.681,22.715,22.661,22.7,100,KORU
2016-03-29 13:57:00,22.691,22.724,22.67,22.709,600,KORU
2016-03-30 09:30:00,24.053,24.088,24.031,24.072,1000,KORU
2016-03-30 09:35:00,23.936,23.997,23.914,23.981,1200,KORU
2016-03-30 09:59:00,24.062,24.097,24.04,24.081,200,KORU
2016-03-30 10:00:00,24.029,24.064,24.007,24.049,400,KORU
2016-03-30 10:27:00,24.152,24.188,24.13,24.172,100,KORU
2016-03-30 10:57:00,24.109,24.144,24.076,24.118,200,KORU
2016-03-30 11:16:00,24.007,24.043,23.985,24.027,200,KORU
2016-03-30 11:24:00,23.944,23.979,23.922,23.963,728,KORU
2016-03-30 11:41:00,23.835,23.87,23.813,23.854,122,KORU
2016-03-30 12:08:00,23.853,23.888,23.831,23.872,1300,KORU
2016-03-30 13:24:00,23.798,23.833,23.777,23.818,600,KORU
2016-03-30 14:15:00,23.798,23.833,23.768,23.809,3000,KORU
2016-03-30 14:28:00,23.826,23.861,23.804,23.845,100,KORU
2016-03-30 15:59:00,23.879,23.915,23.858,23.899,105,KORU
2016-03-31 09:34:00,23.75,23.785,23.728,23.769,300,KORU
2016-03-31 13:39:00,23.28,23.315,23.259,23.3,200,KORU
2016-03-31 14:00:00,23.187,23.223,23.166,23.208,600,KORU
2016-03-31 15:56:00,23.227,23.261,23.206,23.246,400,KORU
2016-04-01 10:33:00,21.492,21.531,21.473,21.517,950,KORU
2016-04-01 11:26:00,21.828,21.86,21.808,21.846,250,KORU
2016-04-01 12:11:00,21.882,21.915,21.863,21.9,100,KORU
2016-04-01 14:20:00,22.091,22.124,22.071,22.109,130,KORU
2016-04-01 14:36:00,22.153,22.186,22.133,22.171,200,KORU
2016-04-01 15:57:00,22.227,22.269,22.207,22.255,2000,KORU
2016-04-04 09:30:00,21.973,22.006,21.953,21.991,2390,KORU
2016-04-04 09:33:00,22.155,22.188,22.135,22.173,240,KORU
2016-04-04 10:07:00,22.173,22.206,22.144,22.191,1200,KORU
2016-04-04 10:31:00,22.1,22.133,22.08,22.118,100,KORU
2016-04-04 10:32:00,22.1,22.133,22.08,22.118,100,KORU
2016-04-04 11:03:00,21.946,21.978,21.926,21.964,100,KORU
2016-04-04 11:20:00,21.901,21.933,21.881,21.919,100,KORU
2016-04-04 11:58:00,21.892,21.924,21.872,21.909,1999,KORU
2016-04-04 12:08:00,21.946,21.978,21.926,21.964,100,KORU
2016-04-04 13:00:00,21.882,21.915,21.863,21.9,100,KORU
2016-04-04 13:01:00,21.892,21.924,21.872,21.909,100,KORU
2016-04-04 13:02:00,21.864,21.897,21.844,21.882,139,KORU
2016-04-04 13:12:00,21.855,21.887,21.835,21.873,200,KORU
2016-04-04 13:17:00,21.882,21.915,21.863,21.9,100,KORU
2016-04-04 15:24:00,21.792,21.824,21.772,21.809,100,KORU
2016-04-04 15:25:00,21.792,21.824,21.772,21.809,200,KORU
2016-04-04 15:29:00,21.792,21.824,21.772,21.809,200,KORU
2016-04-05 09:30:00,20.856,20.887,20.837,20.873,100,KORU
2016-04-05 10:14:00,20.693,20.724,20.674,20.71,100,KORU
2016-04-05 11:40:00,20.72,20.751,20.701,20.737,100,KORU
2016-04-05 14:22:00,20.611,20.649,20.574,20.636,3400,KORU
2016-04-05 15:00:00,20.747,20.778,20.729,20.764,100,KORU
2016-04-06 12:00:00,21.46,21.492,21.441,21.478,189,KORU
2016-04-06 12:34:00,21.444,21.475,21.424,21.461,250,KORU
2016-04-06 15:01:00,21.308,21.34,21.289,21.326,300,KORU
2016-04-06 15:21:00,21.383,21.415,21.364,21.401,100,KORU
2016-04-07 09:44:00,21.029,21.06,21.01,21.046,250,KORU
2016-04-07 11:19:00,20.92,20.951,20.901,20.937,100,KORU
2016-04-07 12:17:00,20.948,20.979,20.929,20.965,200,KORU
2016-04-07 14:02:00,20.82,20.851,20.801,20.837,100,KORU
2016-04-08 13:03:00,21.31,21.342,21.291,21.328,2500,KORU
2016-04-08 13:04:00,21.329,21.36,21.309,21.346,100,KORU
2016-04-11 09:30:00,21.819,21.851,21.799,21.837,230,KORU
2016-04-11 09:50:00,22.019,22.051,21.999,22.037,300,KORU
2016-04-11 10:44:00,22.019,22.051,21.999,22.037,100,KORU
2016-04-11 13:43:00,22.176,22.208,22.154,22.192,500,KORU
2016-04-12 12:37:00,22.455,22.489,22.435,22.474,175,KORU
2016-04-12 14:13:00,22.536,22.569,22.516,22.555,100,KORU
2016-04-12 14:41:00,22.654,22.688,22.634,22.673,100,KORU
2016-04-13 13:52:00,23.244,23.279,23.223,23.264,250,KORU
2016-04-13 14:02:00,23.254,23.288,23.232,23.273,225,KORU
2016-04-13 14:14:00,23.299,23.333,23.278,23.318,1500,KORU
2016-04-13 15:29:00,23.362,23.397,23.314,23.357,600,KORU
2016-04-13 15:31:00,23.362,23.397,23.341,23.382,200,KORU
2016-04-15 09:43:00,23.372,23.406,23.35,23.391,100,KORU
2016-04-15 10:05:00,23.296,23.33,23.275,23.315,300,KORU
2016-04-15 10:14:00,23.172,23.206,23.151,23.191,100,KORU
2016-04-15 11:25:00,23.217,23.251,23.196,23.236,225,KORU
2016-04-15 13:41:00,23.046,23.08,23.025,23.064,200,KORU
2016-04-19 09:39:00,24.697,24.734,24.675,24.717,100,KORU
2016-04-19 09:47:00,24.697,24.734,24.675,24.717,900,KORU
2016-04-19 10:11:00,24.915,24.952,24.893,24.936,400,KORU
2016-04-19 10:13:00,24.915,24.952,24.893,24.936,100,KORU
2016-04-19 10:44:00,24.833,24.869,24.81,24.853,730,KORU
2016-04-19 11:03:00,24.842,24.879,24.82,24.863,200,KORU
2016-04-19 12:09:00,24.588,24.625,24.566,24.608,3989,KORU
2016-04-19 15:21:00,24.661,24.697,24.638,24.681,100,KORU
2016-04-20 12:23:00,24.305,24.341,24.283,24.325,186,KORU
2016-04-22 09:51:00,23.444,23.479,23.423,23.463,100,KORU
2016-04-22 09:52:00,23.444,23.479,23.423,23.463,400,KORU
2016-04-22 10:55:00,23.163,23.224,23.142,23.209,200,KORU
2016-04-22 10:57:00,23.163,23.197,23.142,23.182,100,KORU
2016-04-22 12:42:00,23.117,23.151,23.096,23.136,4000,KORU
2016-04-22 12:52:00,23.072,23.106,23.051,23.091,100,KORU
2016-04-22 13:47:00,23.155,23.189,23.134,23.174,300,KORU
2016-04-25 10:21:00,22.845,22.879,22.824,22.864,500,KORU
2016-04-25 11:10:00,22.918,22.956,22.898,22.941,1000,KORU
2016-04-26 09:30:00,23.644,23.679,23.622,23.663,175,KORU
2016-04-26 09:51:00,23.379,23.414,23.358,23.398,230,KORU
2016-04-26 11:55:00,23.408,23.442,23.341,23.382,300,KORU
2016-04-26 14:24:00,23.229,23.263,23.208,23.248,275,KORU
2016-04-27 10:46:00,23.118,23.156,23.097,23.141,400,KORU
2016-04-28 11:16:00,23.027,23.061,23.006,23.045,100,KORU
2016-04-29 09:40:00,22.6,22.633,22.579,22.618,200,KORU
2016-04-29 10:41:00,22.418,22.451,22.398,22.437,100,KORU
2016-04-29 11:24:00,22.209,22.242,22.189,22.228,300,KORU
2016-04-29 11:29:00,22.173,22.206,22.153,22.191,100,KORU
2016-04-29 11:30:00,22.173,22.206,22.153,22.191,100,KORU
2016-04-29 11:39:00,22.029,22.062,22.008,22.046,500,KORU
2016-04-29 11:59:00,22.046,22.078,22.026,22.064,160,KORU
2016-04-29 15:16:00,22.073,22.106,22.044,22.082,200,KORU
2016-04-29 15:17:00,22.046,22.078,22.026,22.064,100,KORU
2016-04-29 15:18:00,22.073,22.106,22.053,22.091,100,KORU
2016-05-02 11:41:00,22.4,22.433,22.38,22.418,600,KORU
2016-05-02 14:13:00,22.552,22.585,22.531,22.57,1250,KORU
2016-05-03 09:40:00,21.701,21.733,21.681,21.719,100,KORU
2016-05-03 11:25:00,21.383,21.415,21.364,21.401,500,KORU
2016-05-03 14:48:00,21.329,21.36,21.309,21.346,225,KORU
2016-05-04 09:30:00,20.747,20.778,20.593,20.628,300,KORU
2016-05-04 12:25:00,20.364,20.394,20.346,20.381,202,KORU
2016-05-04 13:10:00,20.293,20.323,20.275,20.31,200,KORU
2016-05-04 15:17:00,20.203,20.233,20.184,20.219,100,KORU
2016-05-04 15:49:00,20.239,20.269,20.221,20.255,1100,KORU
2016-05-05 10:02:00,20.321,20.351,20.184,20.219,340,KORU
2016-05-05 10:34:00,20.203,20.233,20.184,20.219,400,KORU
2016-05-05 10:35:00,20.203,20.233,20.184,20.219,2500,KORU
2016-05-05 11:09:00,19.976,20.005,19.958,19.992,400,KORU
2016-05-05 11:10:00,19.976,20.005,19.958,19.992,100,KORU
2016-05-05 11:29:00,19.912,19.942,19.894,19.928,260,KORU
2016-05-06 10:25:00,19.982,20.014,19.964,20.0,200,KORU
2016-05-09 09:30:00,20.212,20.242,20.193,20.228,100,KORU
2016-05-10 09:41:00,20.501,20.531,20.483,20.518,100,KORU
2016-05-10 12:25:00,20.539,20.569,20.52,20.555,500,KORU
2016-05-10 14:50:00,20.611,20.642,20.593,20.628,440,KORU
2016-05-10 14:57:00,20.51,20.54,20.491,20.526,175,KORU
2016-05-11 09:30:00,20.484,20.514,20.466,20.501,100,KORU
2016-05-11 09:41:00,20.33,20.36,20.311,20.346,200,KORU
2016-05-11 10:35:00,20.439,20.469,20.42,20.455,265,KORU
2016-05-11 11:00:00,20.53,20.56,20.511,20.546,100,KORU
2016-05-11 11:01:00,20.484,20.514,20.466,20.501,100,KORU
2016-05-11 11:02:00,20.457,20.487,20.438,20.474,100,KORU
2016-05-11 11:33:00,20.539,20.569,20.52,20.555,500,KORU
2016-05-11 12:12:00,20.53,20.56,20.511,20.546,100,KORU
2016-05-11 13:26:00,20.502,20.533,20.484,20.519,100,KORU
2016-05-11 15:41:00,20.23,20.26,20.212,20.246,200,KORU
2016-05-12 09:40:00,20.412,20.442,20.393,20.428,200,KORU
2016-05-12 10:48:00,20.257,20.287,20.239,20.274,100,KORU
2016-05-12 11:20:00,20.039,20.069,20.021,20.056,100,KORU
2016-05-12 12:12:00,20.103,20.132,20.085,20.119,100,KORU
2016-05-12 12:15:00,20.112,20.142,20.094,20.128,100,KORU
2016-05-13 09:30:00,19.467,19.496,19.45,19.483,224,KORU
2016-05-13 10:09:00,19.068,19.096,19.05,19.083,200,KORU
2016-05-13 10:30:00,18.995,19.023,18.978,19.011,550,KORU
2016-05-13 10:42:00,18.931,18.959,18.914,18.947,200,KORU
2016-05-13 11:34:00,19.132,19.16,19.115,19.148,100,KORU
2016-05-13 12:10:00,19.068,19.096,19.05,19.083,500,KORU
2016-05-13 14:56:00,18.995,19.023,18.932,18.965,717,KORU
2016-05-16 09:41:00,19.286,19.314,19.268,19.301,100,KORU
2016-05-16 11:40:00,19.366,19.395,19.348,19.382,200,KORU
2016-05-16 12:29:00,19.313,19.341,19.295,19.329,100,KORU
2016-05-16 13:43:00,19.313,19.341,19.295,19.329,155,KORU
2016-05-17 11:25:00,19.286,19.314,19.268,19.301,400,KORU
2016-05-17 15:09:00,18.95,18.978,18.932,18.965,100,KORU
2016-05-17 15:46:00,18.931,18.959,18.914,18.947,100,KORU
2016-05-17 15:47:00,18.931,18.959,18.914,18.947,300,KORU
2016-05-18 09:30:00,18.332,18.359,18.316,18.347,670,KORU
2016-05-18 09:37:00,18.16,18.187,18.143,18.175,400,KORU
2016-05-18 09:46:00,18.232,18.259,18.216,18.247,100,KORU
2016-05-18 09:47:00,18.232,18.259,18.216,18.247,200,KORU
2016-05-18 09:49:00,18.214,18.241,18.198,18.229,100,KORU
2016-05-18 12:21:00,18.45,18.477,18.433,18.465,120,KORU
2016-05-18 14:01:00,18.196,18.223,18.143,18.175,1100,KORU
2016-05-18 14:30:00,17.833,17.859,17.817,17.847,100,KORU
2016-05-20 10:32:00,18.25,18.277,18.234,18.265,100,KORU
2016-05-23 12:25:00,18.441,18.468,18.424,18.456,1000,KORU
2016-05-24 09:30:00,18.241,18.268,18.225,18.256,100,KORU
2016-05-24 10:05:00,18.214,18.241,18.198,18.229,200,KORU
2016-05-24 11:09:00,18.396,18.432,18.346,18.42,4300,KORU
2016-05-24 11:14:00,18.359,18.387,18.338,18.369,2000,KORU
2016-05-24 11:59:00,18.331,18.358,18.315,18.346,100,KORU
2016-05-24 12:13:00,18.323,18.35,18.306,18.338,248,KORU
2016-05-24 13:54:00,18.278,18.305,18.261,18.293,500,KORU
2016-05-25 09:30:00,19.177,19.205,19.159,19.192,450,KORU
2016-05-25 10:13:00,19.177,19.205,19.159,19.192,240,KORU
2016-05-25 10:20:00,19.231,19.26,19.214,19.247,200,KORU
2016-05-25 10:40:00,19.231,19.26,19.214,19.247,600,KORU
2016-05-25 13:25:00,19.176,19.204,19.158,19.191,118,KORU
2016-05-25 13:31:00,19.231,19.26,19.214,19.247,100,KORU
2016-05-25 13:59:00,19.286,19.314,19.164,19.301,500,KORU
2016-05-26 09:32:00,19.476,19.505,19.459,19.492,700,KORU
2016-05-26 09:33:00,19.476,19.505,19.459,19.492,300,KORU
2016-05-26 10:00:00,19.24,19.269,19.223,19.256,248,KORU
2016-05-26 11:32:00,19.149,19.178,19.132,19.165,450,KORU
2016-05-27 10:10:00,19.468,19.496,19.45,19.484,370,KORU
2016-05-27 13:21:00,19.231,19.26,19.214,19.247,100,KORU
2016-05-27 13:22:00,19.376,19.405,19.359,19.392,100,KORU
2016-05-27 14:21:00,18.786,18.814,18.769,18.802,500,KORU
2016-05-27 14:23:00,18.786,18.823,18.769,18.802,500,KORU
2016-05-31 09:30:00,19.031,19.059,19.014,19.047,175,KORU
2016-05-31 11:33:00,19.095,19.123,19.078,19.111,100,KORU
2016-05-31 11:50:00,19.086,19.114,19.068,19.101,200,KORU
2016-05-31 14:20:00,19.131,19.178,19.114,19.165,582,KORU
2016-05-31 14:40:00,19.149,19.178,19.132,19.165,2000,KORU
2016-05-31 15:18:00,19.099,19.128,19.082,19.115,100,KORU
2016-05-31 15:59:00,19.019,19.047,19.001,19.034,175,KORU
2016-06-01 14:34:00,19.24,19.308,19.223,19.295,200,KORU
2016-06-01 15:26:00,19.293,19.321,19.275,19.308,470,KORU
2016-06-02 14:05:00,19.867,19.896,19.849,19.883,200,KORU
2016-06-03 09:30:00,20.557,20.587,20.538,20.574,900,KORU
2016-06-03 09:31:00,20.748,20.778,20.729,20.765,370,KORU
2016-06-03 11:42:00,20.659,20.689,20.64,20.675,219,KORU
2016-06-03 12:06:00,20.661,20.692,20.642,20.678,500,KORU
2016-06-03 12:39:00,20.826,20.86,20.801,20.846,510,KORU
2016-06-03 15:05:00,20.875,20.905,20.856,20.892,300,KORU
2016-06-03 15:07:00,20.804,20.834,20.785,20.821,108,KORU
2016-06-06 09:30:00,21.292,21.324,21.273,21.31,100,KORU
2016-06-06 10:38:00,21.81,21.842,21.79,21.828,150,KORU
2016-06-06 10:40:00,21.919,21.951,21.899,21.937,108,KORU
2016-06-06 15:35:00,21.831,21.863,21.811,21.849,330,KORU
2016-06-06 15:42:00,21.792,21.887,21.772,21.873,510,KORU
2016-06-07 09:30:00,22.073,22.106,22.053,22.091,100,KORU
2016-06-07 12:35:00,22.369,22.402,22.349,22.388,411,KORU
2016-06-07 15:46:00,22.382,22.415,22.362,22.4,108,KORU
2016-06-07 15:48:00,22.382,22.479,22.362,22.4,1650,KORU
2016-06-08 09:30:00,22.863,22.897,22.842,22.882,1101,KORU
2016-06-08 09:36:00,23.027,23.061,23.006,23.045,100,KORU
2016-06-08 09:58:00,23.101,23.136,23.08,23.12,400,KORU
2016-06-08 10:00:00,23.117,23.151,23.096,23.136,100,KORU
2016-06-08 10:08:00,23.082,23.116,23.061,23.101,300,KORU
2016-06-08 10:42:00,23.012,23.046,22.991,23.031,420,KORU
2016-06-08 11:02:00,22.881,22.915,22.86,22.9,100,KORU
2016-06-08 13:28:00,22.881,22.915,22.86,22.9,216,KORU
2016-06-09 09:30:00,22.454,22.488,22.434,22.473,400,KORU
2016-06-09 09:50:00,22.473,22.506,22.452,22.491,2000,KORU
2016-06-09 10:59:00,22.473,22.506,22.452,22.491,100,KORU
2016-06-09 11:59:00,22.462,22.495,22.442,22.48,400,KORU
2016-06-09 12:10:00,22.418,22.518,22.389,22.503,2700,KORU
2016-06-10 11:41:00,21.338,21.369,21.318,21.355,1000,KORU
2016-06-10 11:42:00,21.392,21.424,21.264,21.301,200,KORU
2016-06-10 12:36:00,21.165,21.196,21.146,21.183,300,KORU
2016-06-10 14:38:00,21.217,21.248,21.198,21.234,240,KORU
2016-06-10 14:57:00,21.12,21.225,21.101,21.137,600,KORU
2016-06-10 15:43:00,21.312,21.343,21.292,21.329,429,KORU
2016-06-13 09:36:00,20.109,20.139,20.048,20.125,1100,KORU
2016-06-13 09:49:00,20.329,20.359,20.31,20.346,100,KORU
2016-06-13 09:51:00,20.375,20.405,20.357,20.392,100,KORU
2016-06-13 10:40:00,20.491,20.522,20.473,20.508,1000,KORU
2016-06-14 09:37:00,19.704,19.733,19.686,19.72,100,KORU
2016-06-14 10:11:00,19.622,19.651,19.604,19.638,200,KORU
2016-06-14 10:14:00,19.522,19.551,19.504,19.538,300,KORU
2016-06-14 10:21:00,19.458,19.487,19.44,19.474,100,KORU
2016-06-14 14:28:00,19.476,19.514,19.459,19.501,500,KORU
2016-06-14 14:58:00,19.309,19.338,19.292,19.325,465,KORU
2016-06-14 15:43:00,19.513,19.541,19.495,19.529,150,KORU
2016-06-15 14:00:00,20.493,20.523,20.475,20.51,200,KORU
2016-06-15 14:01:00,20.666,20.696,20.647,20.683,100,KORU
2016-06-15 14:09:00,20.613,20.644,20.594,20.63,300,KORU
2016-06-15 14:28:00,20.521,20.552,20.503,20.538,300,KORU
2016-06-15 15:53:00,20.103,20.132,20.066,20.111,3000,KORU
2016-06-16 09:34:00,19.295,19.323,19.277,19.31,200,KORU
2016-06-16 11:36:00,19.359,19.387,19.341,19.375,196,KORU
2016-06-16 15:52:00,19.883,19.912,19.865,19.899,200,KORU
2016-06-20 09:30:00,21.338,21.369,21.318,21.355,500,KORU
2016-06-20 10:14:00,21.428,21.46,21.409,21.446,150,KORU
2016-06-20 11:25:00,21.628,21.66,21.608,21.646,300,KORU
2016-06-20 12:50:00,21.31,21.342,21.291,21.328,5000,KORU
2016-06-20 12:52:00,21.347,21.378,21.318,21.355,4000,KORU
2016-06-20 13:17:00,21.28,21.312,21.261,21.298,100,KORU
2016-06-21 09:45:00,21.265,21.326,21.246,21.312,600,KORU
2016-06-21 11:37:00,21.381,21.413,21.362,21.399,200,KORU
2016-06-21 11:41:00,21.465,21.496,21.445,21.482,100,KORU
2016-06-21 11:54:00,21.438,21.469,21.409,21.454,300,KORU
2016-06-21 12:03:00,21.365,21.397,21.346,21.382,100,KORU
2016-06-21 12:05:00,21.456,21.487,21.436,21.473,100,KORU
2016-06-21 15:28:00,21.631,21.663,21.609,21.647,400,KORU
2016-06-22 09:30:00,22.246,22.415,22.225,22.4,1150,KORU
2016-06-22 09:55:00,22.373,22.406,22.352,22.391,200,KORU
2016-06-22 10:01:00,22.406,22.439,22.386,22.425,108,KORU
2016-06-22 10:09:00,22.41,22.443,22.389,22.428,205,KORU
2016-06-22 10:52:00,22.264,22.297,22.244,22.282,200,KORU
2016-06-23 09:30:00,22.563,22.642,22.543,22.627,600,KORU
2016-06-23 10:28:00,22.609,22.642,22.588,22.627,100,KORU
2016-06-23 11:04:00,22.7,22.733,22.679,22.718,400,KORU
2016-06-23 11:14:00,22.7,22.733,22.679,22.718,100,KORU
2016-06-23 13:00:00,22.763,22.797,22.715,22.755,1000,KORU
2016-06-23 15:59:00,23.232,23.266,23.211,23.251,200,KORU
2016-06-24 09:30:00,19.64,19.669,19.323,19.356,675,KORU
2016-06-24 09:33:00,19.567,19.596,19.549,19.583,160,KORU
2016-06-24 09:34:00,19.612,19.641,19.453,19.487,260,KORU
2016-06-24 09:40:00,19.728,19.757,19.71,19.744,208,KORU
2016-06-24 09:43:00,19.938,19.967,19.919,19.954,200,KORU
2016-06-24 09:59:00,20.203,20.233,20.184,20.219,100,KORU
2016-06-24 10:05:00,20.248,20.278,20.23,20.265,700,KORU
2016-06-24 10:10:00,20.232,20.262,20.213,20.248,200,KORU
2016-06-24 10:11:00,20.274,20.304,20.256,20.291,200,KORU
2016-06-24 10:13:00,20.157,20.187,20.139,20.174,5100,KORU
2016-06-24 10:15:00,20.036,20.065,20.018,20.052,105,KORU
2016-06-24 10:23:00,19.794,19.823,19.776,19.81,100,KORU
2016-06-24 10:40:00,19.713,19.743,19.696,19.73,100,KORU
2016-06-24 10:47:00,19.77,19.8,19.753,19.787,275,KORU
2016-06-24 10:49:00,19.712,19.741,19.694,19.729,500,KORU
2016-06-24 10:59:00,19.684,19.713,19.666,19.7,100,KORU
2016-06-24 11:21:00,19.567,19.596,19.549,19.583,600,KORU
2016-06-24 11:22:00,19.567,19.596,19.549,19.583,200,KORU
2016-06-24 11:25:00,19.404,19.432,19.386,19.42,100,KORU
2016-06-24 11:35:00,19.54,19.648,19.513,19.635,2800,KORU
2016-06-24 12:46:00,19.385,19.414,19.368,19.401,100,KORU
2016-06-24 13:44:00,19.345,19.373,19.327,19.361,200,KORU
2016-06-24 14:05:00,19.231,19.314,19.214,19.301,1000,KORU
2016-06-24 14:23:00,19.086,19.114,19.069,19.101,300,KORU
2016-06-24 14:35:00,18.913,18.996,18.896,18.929,1000,KORU
2016-06-24 15:58:00,18.95,18.978,18.932,18.965,400,KORU
2016-06-24 15:59:00,18.858,18.886,18.841,18.873,150,KORU
2016-06-27 09:30:00,18.468,18.496,18.225,18.256,3735,KORU
2016-06-27 09:38:00,18.023,18.05,18.007,18.038,200,KORU
2016-06-27 09:47:00,17.933,17.959,17.916,17.947,489,KORU
2016-06-27 10:18:00,17.706,17.732,17.69,17.72,250,KORU
2016-06-27 11:26:00,17.415,17.441,17.392,17.429,1100,KORU
2016-06-27 12:43:00,17.597,17.623,17.581,17.611,100,KORU
2016-06-27 15:48:00,17.731,17.758,17.715,17.746,150,KORU
2016-06-28 10:41:00,19.068,19.096,19.05,19.083,408,KORU
2016-06-28 11:05:00,18.977,19.005,18.96,18.992,100,KORU
2016-06-28 12:00:00,19.004,19.032,18.987,19.02,200,KORU
2016-06-29 09:36:00,20.384,20.414,20.366,20.401,100,KORU
2016-06-29 09:42:00,20.339,20.369,20.32,20.356,260,KORU
2016-06-29 09:47:00,20.458,20.488,20.439,20.475,200,KORU
2016-06-29 10:02:00,20.493,20.523,20.475,20.51,300,KORU
2016-06-29 10:03:00,20.493,20.523,20.475,20.51,200,KORU
2016-06-29 10:11:00,20.537,20.574,20.518,20.56,200,KORU
2016-06-29 12:46:00,20.547,20.578,20.529,20.564,300,KORU
2016-06-29 13:35:00,20.43,20.46,20.411,20.446,100,KORU
2016-06-30 09:30:00,20.993,21.024,20.974,21.01,275,KORU
2016-06-30 10:08:00,20.776,20.807,20.757,20.793,200,KORU
2016-06-30 12:33:00,21.011,21.042,20.992,21.028,400,KORU
2016-06-30 12:47:00,21.065,21.096,21.046,21.083,200,KORU
2016-06-30 15:16:00,21.02,21.051,21.001,21.037,100,KORU
2016-06-30 15:54:00,20.986,21.017,20.967,21.003,250,KORU
2016-07-01 09:31:00,22.021,22.054,22.001,22.039,100,KORU
2016-07-01 09:34:00,22.026,22.086,22.006,22.071,3000,KORU
2016-07-01 09:43:00,22.164,22.197,22.144,22.182,300,KORU
2016-07-01 10:31:00,22.109,22.142,22.089,22.128,1300,KORU
2016-07-01 10:52:00,22.01,22.042,21.926,21.964,3911,KORU
2016-07-01 11:24:00,21.955,21.988,21.935,21.973,100,KORU
2016-07-01 11:51:00,22.046,22.078,21.962,22.0,1100,KORU
2016-07-01 12:14:00,21.928,21.96,21.908,21.946,400,KORU
2016-07-01 13:29:00,21.882,21.915,21.863,21.9,100,KORU
2016-07-05 09:30:00,21.51,21.542,21.355,21.391,1163,KORU
2016-07-05 09:59:00,21.129,21.16,21.11,21.146,100,KORU
2016-07-05 10:04:00,21.029,21.06,20.992,21.028,338,KORU
2016-07-05 10:17:00,21.047,21.078,21.028,21.064,100,KORU
2016-07-05 10:29:00,20.974,21.005,20.955,20.992,408,KORU
2016-07-05 10:44:00,21.092,21.124,21.073,21.11,100,KORU
2016-07-05 11:30:00,21.056,21.087,21.037,21.073,100,KORU
2016-07-05 12:50:00,21.083,21.115,21.064,21.101,100,KORU
2016-07-05 13:26:00,21.041,21.072,21.022,21.059,208,KORU
2016-07-05 13:28:00,20.993,21.024,20.974,21.01,105,KORU
2016-07-05 13:38:00,20.965,21.038,20.946,21.024,800,KORU
2016-07-05 13:53:00,21.02,21.051,21.001,21.037,100,KORU
2016-07-05 14:39:00,21.029,21.06,21.01,21.046,100,KORU
2016-07-05 15:28:00,20.993,21.024,20.974,21.01,100,KORU
2016-07-05 15:52:00,21.065,21.096,21.046,21.083,150,KORU
2016-07-06 10:43:00,19.399,19.428,19.382,19.415,100,KORU
2016-07-06 12:50:00,19.849,19.878,19.831,19.865,200,KORU
2016-07-06 13:00:00,19.948,19.978,19.831,19.865,200,KORU
2016-07-06 13:25:00,19.839,19.869,19.821,19.856,100,KORU
2016-07-06 13:55:00,19.864,19.894,19.846,19.881,675,KORU
2016-07-06 14:16:00,19.785,19.814,19.767,19.801,100,KORU
2016-07-06 15:39:00,20.048,20.078,20.03,20.065,360,KORU
2016-07-06 15:55:00,20.157,20.187,20.13,20.165,300,KORU
2016-07-06 15:58:00,20.112,20.142,20.094,20.128,200,KORU
2016-07-07 09:32:00,20.702,20.733,20.683,20.719,100,KORU
2016-07-07 09:35:00,20.838,20.869,20.819,20.855,100,KORU
2016-07-07 09:52:00,20.898,20.929,20.879,20.915,307,KORU
2016-07-08 09:43:00,20.991,21.022,20.972,21.008,150,KORU
2016-07-08 09:58:00,21.083,21.142,21.064,21.128,240,KORU
2016-07-08 11:25:00,21.222,21.254,21.203,21.24,250,KORU
2016-07-11 09:43:00,22.075,22.108,22.055,22.093,500,KORU
2016-07-11 10:51:00,21.982,22.015,21.962,22.0,183,KORU
2016-07-11 13:47:00,21.813,21.846,21.794,21.831,211,KORU
2016-07-11 13:48:00,21.729,21.761,21.709,21.747,300,KORU
2016-07-11 14:54:00,21.793,21.826,21.774,21.811,464,KORU
2016-07-11 15:56:00,21.801,21.833,21.781,21.819,100,KORU
2016-07-12 09:30:00,22.246,22.278,22.225,22.264,100,KORU
2016-07-12 10:35:00,22.246,22.278,22.225,22.264,100,KORU
2016-07-12 11:09:00,22.282,22.315,22.262,22.3,290,KORU
2016-07-12 11:18:00,22.309,22.342,22.289,22.327,100,KORU
2016-07-12 11:20:00,22.309,22.342,22.289,22.327,100,KORU
2016-07-12 15:23:00,22.689,22.722,22.668,22.707,200,KORU
2016-07-12 15:31:00,22.663,22.697,22.643,22.682,200,KORU
2016-07-12 15:46:00,22.667,22.701,22.588,22.627,2050,KORU
2016-07-12 15:59:00,22.745,22.779,22.724,22.764,100,KORU
2016-07-13 09:36:00,22.775,22.809,22.754,22.794,100,KORU
2016-07-13 09:50:00,22.654,22.688,22.634,22.673,425,KORU
2016-07-13 11:23:00,22.691,22.724,22.67,22.709,350,KORU
2016-07-13 15:57:00,22.816,22.85,22.795,22.835,400,KORU
2016-07-14 10:35:00,23.998,24.033,23.976,24.018,100,KORU
2016-07-14 10:36:00,23.998,24.033,23.976,24.018,200,KORU
2016-07-14 10:58:00,24.175,24.211,24.153,24.195,187,KORU
2016-07-14 11:02:00,24.107,24.167,24.085,24.151,600,KORU
2016-07-14 11:09:00,24.143,24.179,24.121,24.163,600,KORU
2016-07-14 11:13:00,24.243,24.279,24.221,24.263,1500,KORU
2016-07-14 11:14:00,24.243,24.279,24.221,24.263,1200,KORU
2016-07-14 13:32:00,24.071,24.106,24.049,24.09,400,KORU
2016-07-14 13:37:00,24.116,24.152,24.094,24.136,355,KORU
2016-07-14 13:57:00,24.062,24.097,24.04,24.081,5200,KORU
2016-07-14 15:55:00,24.08,24.115,24.058,24.099,225,KORU
2016-07-14 15:58:00,24.088,24.124,24.067,24.108,200,KORU
2016-07-15 11:20:00,23.76,23.796,23.686,23.759,300,KORU
2016-07-15 11:58:00,23.752,23.787,23.731,23.772,300,KORU
2016-07-15 13:24:00,23.698,23.733,23.677,23.718,200,KORU
2016-07-18 14:25:00,23.944,23.979,23.922,23.963,100,KORU
2016-07-18 15:58:00,24.107,24.143,24.085,24.127,200,KORU
2016-07-19 09:30:00,23.49,23.524,23.468,23.509,317,KORU
2016-07-19 15:40:00,23.314,23.349,23.293,23.333,125,KORU
2016-07-19 15:58:00,23.319,23.353,23.297,23.338,125,KORU
2016-07-20 09:31:00,23.372,23.487,23.35,23.471,1018,KORU
2016-07-20 09:59:00,23.239,23.273,23.218,23.258,430,KORU
2016-07-20 10:53:00,23.535,23.57,23.468,23.509,400,KORU
2016-07-20 13:27:00,23.499,23.533,23.477,23.518,200,KORU
2016-07-20 13:42:00,23.444,23.479,23.423,23.463,100,KORU
2016-07-20 15:57:00,23.244,23.281,23.223,23.266,564,KORU
2016-07-21 10:13:00,23.244,23.279,23.178,23.218,800,KORU
2016-07-21 13:20:00,23.235,23.27,23.214,23.254,100,KORU
2016-07-21 15:48:00,23.063,23.135,23.033,23.12,900,KORU
2016-07-22 10:25:00,23.426,23.461,23.405,23.445,300,KORU
2016-07-22 15:54:00,23.663,23.698,23.642,23.683,150,KORU
2016-07-25 09:30:00,23.381,23.415,23.359,23.4,928,KORU
2016-07-25 10:43:00,23.082,23.116,23.061,23.101,500,KORU
2016-07-25 11:10:00,23.063,23.097,23.042,23.082,300,KORU
2016-07-26 09:36:00,23.998,24.033,23.976,24.018,100,KORU
2016-07-26 09:37:00,23.998,24.033,23.976,24.018,300,KORU
2016-07-26 09:39:00,23.998,24.033,23.976,24.018,100,KORU
2016-07-26 09:40:00,24.062,24.115,24.04,24.099,600,KORU
2016-07-26 09:56:00,24.216,24.252,24.194,24.236,100,KORU
2016-07-26 13:19:00,23.748,23.838,23.722,23.822,900,KORU
2016-07-26 15:57:00,23.735,23.77,23.713,23.754,100,KORU
2016-07-27 15:21:00,24.289,24.324,24.267,24.308,100,KORU
2016-07-28 09:47:00,24.107,24.143,24.085,24.127,100,KORU
2016-07-28 10:19:00,24.116,24.152,24.094,24.136,100,KORU
2016-07-28 10:20:00,24.179,24.214,24.157,24.199,100,KORU
2016-07-28 10:21:00,24.143,24.179,24.121,24.163,100,KORU
2016-07-28 13:59:00,24.264,24.3,24.242,24.284,500,KORU
2016-07-28 14:13:00,24.289,24.324,24.267,24.308,100,KORU
2016-07-29 09:30:00,25.178,25.216,25.156,25.199,585,KORU
2016-07-29 10:08:00,25.178,25.216,25.156,25.199,100,KORU
2016-07-29 10:47:00,25.306,25.397,25.283,25.381,200,KORU
2016-07-29 11:13:00,25.387,25.425,25.355,25.399,300,KORU
2016-07-29 11:29:00,25.378,25.416,25.355,25.399,100,KORU
2016-07-29 13:14:00,25.469,25.507,25.446,25.49,100,KORU
2016-07-29 14:43:00,25.476,25.513,25.453,25.497,300,KORU
2016-07-29 14:51:00,25.442,25.479,25.419,25.463,100,KORU
2016-07-29 15:23:00,25.396,25.434,25.373,25.417,250,KORU
2016-07-29 15:24:00,25.396,25.434,25.373,25.417,200,KORU
2016-07-29 15:25:00,25.387,25.425,25.364,25.408,200,KORU
2016-07-29 15:33:00,25.405,25.443,25.382,25.426,500,KORU
2016-07-29 15:40:00,25.415,25.461,25.391,25.444,385,KORU
2016-07-29 15:53:00,25.514,25.552,25.491,25.535,100,KORU
2016-08-01 09:32:00,26.159,26.198,26.135,26.18,200,KORU
2016-08-01 09:34:00,26.114,26.152,26.09,26.135,200,KORU
2016-08-01 11:25:00,26.268,26.307,26.244,26.29,200,KORU
2016-08-01 12:52:00,26.092,26.13,26.068,26.113,313,KORU
2016-08-01 12:54:00,26.03,26.068,26.006,26.051,100,KORU
2016-08-01 13:06:00,26.014,26.052,25.99,26.035,100,KORU
2016-08-01 13:25:00,26.017,26.056,25.994,26.039,620,KORU
2016-08-01 14:22:00,26.0,26.038,25.976,26.021,800,KORU
2016-08-01 15:19:00,26.05,26.089,26.027,26.072,600,KORU
2016-08-01 15:25:00,26.005,26.043,25.972,26.017,1700,KORU
2016-08-01 15:27:00,26.05,26.089,26.026,26.071,100,KORU
2016-08-02 09:30:00,25.723,25.761,25.7,25.744,700,KORU
2016-08-02 09:56:00,25.512,25.55,25.489,25.533,200,KORU
2016-08-02 09:57:00,25.478,25.516,25.455,25.499,467,KORU
2016-08-02 09:58:00,25.523,25.561,25.5,25.544,100,KORU
2016-08-02 10:45:00,25.156,25.193,25.133,25.176,150,KORU
2016-08-02 13:49:00,24.801,24.838,24.778,24.821,500,KORU
2016-08-02 15:16:00,25.05,25.087,25.028,25.071,160,KORU
2016-08-02 15:56:00,24.897,24.934,24.874,24.917,100,KORU
2016-08-03 09:42:00,23.989,24.024,23.967,24.009,100,KORU
2016-08-03 10:43:00,24.314,24.35,24.292,24.334,125,KORU
2016-08-03 11:22:00,24.334,24.37,24.312,24.354,190,KORU
2016-08-03 11:40:00,24.239,24.274,24.217,24.259,100,KORU
2016-08-03 12:59:00,24.379,24.415,24.357,24.399,300,KORU
2016-08-03 15:19:00,24.397,24.434,24.375,24.417,100,KORU
2016-08-03 15:57:00,24.379,24.424,24.357,24.408,200,KORU
2016-08-03 15:59:00,24.425,24.461,24.403,24.445,500,KORU
2016-08-05 10:08:00,25.722,25.76,25.699,25.743,2000,KORU
2016-08-05 12:49:00,25.719,25.757,25.696,25.74,300,KORU
2016-08-05 13:19:00,25.723,25.761,25.7,25.744,100,KORU
2016-08-05 13:24:00,25.723,25.761,25.7,25.744,100,KORU
2016-08-05 14:05:00,25.723,25.761,25.7,25.744,100,KORU
2016-08-05 14:07:00,25.723,25.761,25.7,25.744,200,KORU
2016-08-05 15:17:00,25.796,25.834,25.763,25.808,2400,KORU
2016-08-05 15:59:00,25.76,25.798,25.736,25.781,100,KORU
2016-08-08 09:30:00,26.522,26.561,26.498,26.544,350,KORU
2016-08-08 09:44:00,26.622,26.661,26.598,26.644,100,KORU
2016-08-08 09:45:00,26.622,26.661,26.598,26.644,100,KORU
2016-08-08 09:46:00,26.578,26.617,26.554,26.599,100,KORU
2016-08-08 10:02:00,26.428,26.467,26.404,26.449,156,KORU
2016-08-08 10:04:00,26.395,26.443,26.371,26.418,400,KORU
2016-08-08 11:21:00,26.295,26.334,26.271,26.317,1000,KORU
2016-08-08 13:49:00,26.364,26.403,26.34,26.386,100,KORU
2016-08-09 09:30:00,27.149,27.28,27.124,27.262,2101,KORU
2016-08-09 09:35:00,27.336,27.376,27.311,27.358,350,KORU
2016-08-09 09:38:00,27.465,27.505,27.44,27.487,180,KORU
2016-08-09 12:15:00,27.666,27.707,27.641,27.689,427,KORU
2016-08-09 12:32:00,27.603,27.644,27.578,27.625,600,KORU
2016-08-09 13:01:00,27.504,27.545,27.414,27.462,600,KORU
2016-08-09 13:13:00,27.467,27.507,27.434,27.481,200,KORU
2016-08-09 13:17:00,27.549,27.59,27.524,27.572,200,KORU
2016-08-09 14:08:00,27.452,27.493,27.427,27.475,200,KORU
2016-08-09 15:23:00,27.421,27.462,27.396,27.444,500,KORU
2016-08-10 09:30:00,27.694,27.734,27.668,27.716,400,KORU
2016-08-10 09:45:00,27.734,27.775,27.709,27.757,164,KORU
2016-08-10 09:46:00,27.822,27.864,27.797,27.845,164,KORU
2016-08-10 10:09:00,27.796,27.837,27.771,27.819,800,KORU
2016-08-10 10:26:00,27.83,27.871,27.804,27.853,200,KORU
2016-08-10 10:32:00,27.827,27.868,27.801,27.849,220,KORU
2016-08-10 10:39:00,27.774,27.815,27.749,27.797,130,KORU
2016-08-10 10:43:00,27.775,27.825,27.75,27.798,950,KORU
2016-08-10 10:54:00,27.694,27.734,27.668,27.716,150,KORU
2016-08-10 11:23:00,27.412,27.453,27.387,27.435,100,KORU
2016-08-10 11:38:00,27.434,27.474,27.409,27.456,100,KORU
2016-08-10 14:22:00,27.667,27.708,27.642,27.69,150,KORU
2016-08-10 15:56:00,27.657,27.698,27.632,27.68,100,KORU
2016-08-11 09:33:00,27.707,27.748,27.682,27.729,164,KORU
2016-08-11 09:43:00,27.784,27.825,27.759,27.807,137,KORU
2016-08-11 09:51:00,27.811,27.853,27.786,27.834,150,KORU
2016-08-11 10:22:00,27.657,27.698,27.632,27.68,200,KORU
2016-08-11 13:43:00,28.111,28.153,28.086,28.134,150,KORU
2016-08-11 13:48:00,28.138,28.18,28.113,28.162,100,KORU
2016-08-11 13:50:00,28.138,28.18,28.113,28.162,200,KORU
2016-08-11 14:23:00,28.28,28.322,28.254,28.303,1163,KORU
2016-08-11 14:38:00,28.474,28.516,28.449,28.498,232,KORU
2016-08-11 15:58:00,28.474,28.516,28.449,28.498,200,KORU
2016-08-12 09:30:00,27.812,27.862,27.503,27.834,2800,KORU
2016-08-12 09:33:00,27.585,27.625,27.503,27.55,492,KORU
2016-08-12 09:43:00,27.93,27.98,27.904,27.961,600,KORU
2016-08-12 10:48:00,27.439,27.479,27.414,27.461,120,KORU
2016-08-12 10:49:00,27.538,27.579,27.513,27.561,300,KORU
2016-08-12 10:54:00,27.63,27.671,27.605,27.653,100,KORU
2016-08-12 11:47:00,27.516,27.557,27.492,27.539,100,KORU
2016-08-12 12:12:00,27.448,27.489,27.423,27.471,100,KORU
2016-08-12 14:38:00,27.557,27.598,27.532,27.58,100,KORU
2016-08-12 14:46:00,27.557,27.598,27.396,27.444,200,KORU
2016-08-12 15:47:00,27.439,27.48,27.414,27.462,100,KORU
2016-08-12 15:54:00,27.616,27.657,27.591,27.639,150,KORU
2016-08-12 15:59:00,27.73,27.771,27.705,27.753,1000,KORU
2016-08-15 10:28:00,28.838,28.889,28.596,28.87,2000,KORU
2016-08-15 10:42:00,28.81,28.853,28.784,28.834,100,KORU
2016-08-15 12:35:00,28.387,28.429,28.361,28.41,300,KORU
2016-08-15 12:37:00,28.535,28.578,28.51,28.559,100,KORU
2016-08-15 15:59:00,28.347,28.389,28.294,28.343,700,KORU
2016-08-16 09:30:00,28.365,28.407,28.34,28.389,100,KORU
2016-08-16 09:46:00,28.057,28.098,28.031,28.08,160,KORU
2016-08-16 10:07:00,28.32,28.362,28.294,28.343,400,KORU
2016-08-16 12:07:00,28.148,28.189,28.122,28.171,100,KORU
2016-08-16 12:48:00,28.193,28.235,28.167,28.216,100,KORU
2016-08-16 13:35:00,28.157,28.198,28.131,28.18,500,KORU
2016-08-17 09:44:00,26.622,26.662,26.598,26.644,200,KORU
2016-08-17 09:48:00,26.717,26.756,26.692,26.738,1150,KORU
2016-08-17 14:10:00,27.013,27.052,26.952,26.998,777,KORU
2016-08-18 09:30:00,27.603,27.644,27.578,27.625,2001,KORU
2016-08-18 09:33:00,27.839,27.88,27.814,27.862,300,KORU
2016-08-18 09:45:00,27.902,27.943,27.877,27.925,200,KORU
2016-08-18 09:57:00,27.748,27.789,27.723,27.771,200,KORU
2016-08-18 09:59:00,27.729,27.805,27.704,27.787,326,KORU
2016-08-18 10:05:00,27.739,27.78,27.705,27.753,1200,KORU
2016-08-18 11:51:00,27.975,28.016,27.95,27.998,210,KORU
2016-08-18 13:24:00,27.975,28.016,27.95,27.998,500,KORU
2016-08-18 14:43:00,28.219,28.261,28.194,28.242,100,KORU
2016-08-18 15:30:00,28.166,28.207,28.14,28.189,600,KORU
2016-08-19 09:30:00,27.394,27.434,27.369,27.416,133,KORU
2016-08-19 09:31:00,27.24,27.28,27.215,27.262,100,KORU
2016-08-19 09:32:00,27.196,27.236,27.171,27.218,163,KORU
2016-08-19 09:33:00,27.195,27.235,27.17,27.217,163,KORU
2016-08-19 09:36:00,27.186,27.226,27.161,27.208,200,KORU
2016-08-19 09:39:00,27.131,27.171,27.106,27.153,100,KORU
2016-08-19 09:59:00,27.122,27.162,27.097,27.144,100,KORU
2016-08-19 10:25:00,27.212,27.253,27.188,27.235,100,KORU
2016-08-19 10:52:00,27.321,27.362,27.296,27.344,100,KORU
2016-08-19 11:32:00,27.394,27.434,27.369,27.416,100,KORU
2016-08-19 12:05:00,27.44,27.48,27.414,27.462,2400,KORU
2016-08-19 12:15:00,27.577,27.625,27.552,27.607,745,KORU
2016-08-19 12:16:00,27.512,27.553,27.487,27.534,100,KORU
2016-08-19 12:18:00,27.516,27.557,27.492,27.539,100,KORU
2016-08-19 12:34:00,27.43,27.556,27.397,27.538,1174,KORU
2016-08-19 14:26:00,27.521,27.562,27.496,27.544,100,KORU
2016-08-19 15:10:00,27.576,27.616,27.55,27.598,100,KORU
2016-08-19 15:42:00,27.675,27.716,27.65,27.698,100,KORU
2016-08-22 09:30:00,27.031,27.071,27.006,27.053,138,KORU
2016-08-22 10:01:00,26.536,26.576,26.512,26.558,180,KORU
2016-08-22 10:14:00,26.572,26.611,26.547,26.593,125,KORU
2016-08-22 11:08:00,26.568,26.607,26.544,26.589,100,KORU
2016-08-22 11:38:00,26.513,26.552,26.489,26.535,500,KORU
2016-08-22 15:02:00,26.494,26.533,26.47,26.516,300,KORU
2016-08-22 15:15:00,26.513,26.552,26.489,26.535,100,KORU
2016-08-23 09:30:00,27.412,27.534,27.387,27.516,200,KORU
2016-08-23 10:43:00,27.57,27.611,27.545,27.592,500,KORU
2016-08-23 11:23:00,27.638,27.679,27.613,27.66,100,KORU
2016-08-23 15:08:00,27.33,27.389,27.306,27.371,345,KORU
2016-08-23 15:58:00,26.995,27.035,26.971,27.017,200,KORU
2016-08-24 09:36:00,26.795,26.834,26.77,26.817,100,KORU
2016-08-24 10:19:00,26.804,26.843,26.779,26.826,120,KORU
2016-08-24 10:28:00,26.829,26.868,26.804,26.851,500,KORU
2016-08-24 10:45:00,26.795,26.834,26.77,26.817,305,KORU
2016-08-24 12:18:00,26.812,26.851,26.787,26.834,164,KORU
2016-08-24 14:34:00,26.904,26.998,26.87,26.98,1500,KORU
2016-08-24 15:50:00,26.904,26.943,26.879,26.926,2100,KORU
2016-08-24 15:51:00,26.904,26.943,26.879,26.926,900,KORU
2016-08-25 09:46:00,27.022,27.062,26.997,27.044,100,KORU
2016-08-25 10:56:00,27.022,27.062,26.979,27.026,700,KORU
2016-08-25 11:00:00,27.013,27.062,26.988,27.044,1010,KORU
2016-08-25 13:54:00,27.097,27.137,27.072,27.119,645,KORU
2016-08-25 13:55:00,27.097,27.137,27.072,27.119,645,KORU
2016-08-25 14:01:00,27.122,27.162,27.097,27.144,300,KORU
2016-08-25 14:02:00,27.14,27.18,27.115,27.162,300,KORU
2016-08-25 14:21:00,27.085,27.125,27.061,27.107,300,KORU
2016-08-25 14:23:00,27.131,27.18,27.106,27.162,600,KORU
2016-08-25 15:07:00,27.176,27.225,27.151,27.198,500,KORU
2016-08-25 15:10:00,27.203,27.243,27.179,27.226,400,KORU
2016-08-25 15:24:00,27.221,27.271,27.197,27.253,800,KORU
2016-08-26 10:38:00,27.826,27.867,27.801,27.849,213,KORU
2016-08-26 11:42:00,27.376,27.416,27.351,27.398,100,KORU
2016-08-26 12:16:00,26.74,26.78,26.58,26.626,1050,KORU
2016-08-26 12:21:00,26.54,26.58,26.516,26.562,300,KORU
2016-08-26 12:35:00,26.359,26.398,26.335,26.38,300,KORU
2016-08-26 13:01:00,26.422,26.461,26.398,26.444,100,KORU
2016-08-29 11:09:00,26.531,26.571,26.507,26.553,100,KORU
2016-08-29 11:10:00,26.54,26.58,26.516,26.562,100,KORU
2016-08-29 14:21:00,26.78,26.82,26.756,26.802,137,KORU
2016-08-29 14:37:00,26.776,26.816,26.752,26.798,371,KORU
2016-08-30 09:30:00,27.349,27.389,27.324,27.371,775,KORU
2016-08-30 09:31:00,27.346,27.388,27.321,27.37,200,KORU
2016-08-30 12:05:00,27.054,27.094,27.03,27.076,210,KORU
2016-08-30 12:08:00,27.004,27.043,26.979,27.026,200,KORU
2016-08-30 15:47:00,26.795,26.834,26.761,26.817,1050,KORU
2016-08-31 13:23:00,26.324,26.363,26.3,26.346,150,KORU
2016-08-31 13:48:00,26.35,26.389,26.326,26.371,500,KORU
2016-08-31 15:18:00,26.504,26.543,26.48,26.526,150,KORU
2016-09-01 09:47:00,26.195,26.234,26.172,26.217,100,KORU
2016-09-01 10:00:00,26.195,26.234,26.172,26.217,300,KORU
2016-09-01 10:01:00,26.195,26.234,26.172,26.217,200,KORU
2016-09-02 11:04:00,27.203,27.243,27.179,27.226,232,KORU
2016-09-02 11:05:00,27.246,27.286,27.221,27.268,150,KORU
2016-09-02 12:18:00,27.158,27.198,27.133,27.18,100,KORU
2016-09-06 09:30:00,28.847,29.098,28.821,29.079,1863,KORU
2016-09-06 09:35:00,29.146,29.189,29.12,29.17,300,KORU
2016-09-06 09:37:00,28.983,29.026,28.957,29.007,100,KORU
2016-09-06 10:13:00,29.337,29.38,29.31,29.361,100,KORU
2016-09-06 10:15:00,29.246,29.289,29.211,29.261,1000,KORU
2016-09-06 10:28:00,29.175,29.218,29.149,29.199,161,KORU
2016-09-06 10:47:00,29.616,29.66,29.589,29.641,1000,KORU
2016-09-06 11:23:00,29.646,29.689,29.619,29.67,100,KORU
2016-09-06 11:50:00,29.954,29.999,29.927,29.979,200,KORU
2016-09-06 12:01:00,30.045,30.09,30.018,30.07,200,KORU
2016-09-06 13:39:00,30.054,30.099,30.027,30.079,100,KORU
2016-09-06 13:40:00,30.054,30.099,30.027,30.079,100,KORU
2016-09-06 14:31:00,30.1,30.144,30.072,30.124,800,KORU
2016-09-06 14:42:00,30.1,30.144,30.072,30.124,100,KORU
2016-09-06 15:10:00,30.1,30.144,30.072,30.124,100,KORU
2016-09-06 15:19:00,30.079,30.123,30.052,30.103,100,KORU
2016-09-06 15:59:00,30.082,30.126,30.054,30.106,210,KORU
2016-09-07 09:30:00,30.009,30.053,29.982,30.033,225,KORU
2016-09-07 12:39:00,29.989,30.033,29.962,30.014,151,KORU
2016-09-07 14:10:00,30.082,30.126,30.054,30.106,100,KORU
2016-09-07 15:07:00,30.0,30.076,29.973,30.056,278,KORU
2016-09-08 12:48:00,29.21,29.253,29.183,29.234,750,KORU
2016-09-08 14:05:00,29.058,29.101,29.032,29.082,200,KORU
2016-09-08 14:57:00,29.109,29.152,29.083,29.133,250,KORU
2016-09-09 09:30:00,27.784,27.825,27.759,27.807,200,KORU
2016-09-09 09:34:00,27.286,27.326,27.261,27.308,100,KORU
2016-09-09 09:37:00,27.285,27.325,27.26,27.307,100,KORU
2016-09-09 09:39:00,27.23,27.271,27.206,27.253,1100,KORU
2016-09-09 09:51:00,27.131,27.171,27.106,27.153,300,KORU
2016-09-09 10:26:00,27.136,27.176,27.112,27.159,175,KORU
2016-09-09 10:50:00,27.076,27.116,27.051,27.098,200,KORU
2016-09-09 12:07:00,26.93,26.97,26.906,26.952,200,KORU
2016-09-09 13:10:00,26.871,26.911,26.847,26.893,106,KORU
2016-09-09 14:15:00,26.341,26.38,26.317,26.362,100,KORU
2016-09-09 14:25:00,26.431,26.47,26.407,26.453,100,KORU
2016-09-09 14:27:00,26.45,26.489,26.426,26.471,100,KORU
2016-09-09 15:45:00,26.341,26.38,26.317,26.362,200,KORU
2016-09-12 09:30:00,24.988,25.025,24.965,25.008,600,KORU
2016-09-12 09:33:00,24.761,24.825,24.738,24.808,600,KORU
2016-09-12 09:35:00,24.944,24.98,24.921,24.964,200,KORU
2016-09-12 09:49:00,24.991,25.028,24.968,25.011,149,KORU
2016-09-12 10:07:00,25.304,25.407,25.281,25.39,1348,KORU
2016-09-12 10:15:00,25.333,25.37,25.31,25.354,1000,KORU
2016-09-12 11:57:00,25.578,25.616,25.555,25.599,100,KORU
2016-09-12 12:06:00,25.478,25.516,25.455,25.499,200,KORU
2016-09-12 12:38:00,25.76,25.798,25.736,25.781,100,KORU
2016-09-12 13:13:00,25.696,25.734,25.673,25.717,1000,KORU
2016-09-12 15:01:00,26.486,26.525,26.462,26.508,100,KORU
2016-09-12 15:48:00,26.377,26.416,26.353,26.399,600,KORU
2016-09-12 15:49:00,26.377,26.416,26.353,26.399,100,KORU
2016-09-12 15:53:00,26.295,26.334,26.271,26.317,100,KORU
2016-09-13 09:30:00,24.643,24.679,24.62,24.663,500,KORU
2016-09-13 09:37:00,24.526,24.562,24.504,24.546,187,KORU
2016-09-13 09:42:00,24.709,24.745,24.687,24.729,300,KORU
2016-09-13 09:44:00,24.661,24.697,24.639,24.681,200,KORU
2016-09-13 10:14:00,24.32,24.356,24.298,24.34,100,KORU
2016-09-13 10:20:00,24.242,24.278,24.22,24.262,300,KORU
2016-09-13 10:56:00,24.365,24.401,24.343,24.385,1000,KORU
2016-09-13 11:10:00,24.261,24.297,24.239,24.281,100,KORU
2016-09-13 12:54:00,23.95,23.986,23.929,23.97,400,KORU
2016-09-13 14:21:00,23.762,23.797,23.74,23.781,300,KORU
2016-09-13 14:22:00,23.762,23.797,23.74,23.781,100,KORU
2016-09-13 14:27:00,23.762,23.797,23.74,23.781,100,KORU
2016-09-14 10:14:00,24.715,24.752,24.693,24.736,100,KORU
2016-09-14 10:36:00,24.96,24.996,24.937,24.98,1000,KORU
2016-09-14 10:43:00,24.652,24.688,24.629,24.672,300,KORU
2016-09-14 11:01:00,24.497,24.564,24.475,24.543,2000,KORU
2016-09-14 13:17:00,24.691,24.727,24.668,24.711,290,KORU
2016-09-14 13:25:00,24.752,24.825,24.729,24.79,600,KORU
2016-09-15 09:58:00,24.062,24.097,24.04,24.081,100,KORU
2016-09-15 12:07:00,24.643,24.679,24.621,24.663,190,KORU
2016-09-15 13:43:00,24.724,24.761,24.702,24.745,200,KORU
2016-09-15 15:49:00,24.897,24.934,24.874,24.917,500,KORU
2016-09-16 10:13:00,23.617,23.652,23.586,23.627,1200,KORU
2016-09-16 11:28:00,24.263,24.299,24.241,24.283,100,KORU
2016-09-16 11:44:00,24.341,24.377,24.319,24.361,151,KORU
2016-09-16 12:14:00,24.361,24.397,24.339,24.381,125,KORU
2016-09-16 15:06:00,24.477,24.513,24.454,24.497,400,KORU
2016-09-19 09:58:00,25.605,25.643,25.582,25.626,100,KORU
2016-09-19 14:53:00,25.376,25.413,25.353,25.397,100,KORU
2016-09-20 10:49:00,25.868,25.925,25.818,25.863,2200,KORU
2016-09-20 14:06:00,25.801,25.839,25.778,25.822,180,KORU
2016-09-20 14:59:00,25.85,25.961,25.827,25.872,1000,KORU
2016-09-21 09:30:00,26.459,26.634,26.435,26.617,500,KORU
2016-09-21 10:03:00,26.749,26.789,26.725,26.771,150,KORU
2016-09-21 10:11:00,26.825,26.871,26.728,26.774,366,KORU
2016-09-21 10:46:00,26.786,26.825,26.761,26.807,100,KORU
2016-09-21 10:49:00,26.831,26.898,26.748,26.88,2000,KORU
2016-09-21 12:16:00,26.522,26.561,26.498,26.544,100,KORU
2016-09-21 12:50:00,26.522,26.561,26.498,26.544,407,KORU
2016-09-21 13:56:00,26.604,26.643,26.58,26.626,500,KORU
2016-09-21 14:10:00,27.23,27.271,27.206,27.253,300,KORU
2016-09-21 14:52:00,27.276,27.334,27.185,27.316,1300,KORU
2016-09-21 15:35:00,27.815,27.856,27.79,27.838,100,KORU
2016-09-22 09:30:00,28.729,28.771,28.703,28.752,700,KORU
2016-09-22 09:31:00,28.919,29.026,28.893,29.007,200,KORU
2016-09-22 09:35:00,29.046,29.089,29.02,29.07,300,KORU
2016-09-22 09:37:00,29.101,29.144,29.075,29.125,300,KORU
2016-09-22 09:44:00,28.972,29.015,28.946,28.996,150,KORU
2016-09-22 09:59:00,29.155,29.198,29.129,29.179,500,KORU
2016-09-22 10:00:00,29.164,29.208,29.106,29.157,550,KORU
2016-09-22 10:12:00,28.756,28.798,28.73,28.779,1148,KORU
2016-09-22 10:36:00,28.998,29.041,28.972,29.022,320,KORU
2016-09-22 10:44:00,28.892,28.935,28.866,28.916,100,KORU
2016-09-22 10:49:00,28.916,28.958,28.866,28.916,900,KORU
2016-09-22 13:36:00,28.583,28.644,28.558,28.625,500,KORU
2016-09-22 15:24:00,28.602,28.644,28.576,28.625,100,KORU
2016-09-23 10:31:00,28.011,28.053,27.986,28.034,100,KORU
2016-09-23 10:46:00,28.065,28.107,28.04,28.088,100,KORU
2016-09-23 11:56:00,28.039,28.08,28.013,28.062,200,KORU
2016-09-23 11:58:00,28.039,28.08,28.013,28.062,200,KORU
2016-09-23 13:23:00,27.899,27.941,27.874,27.922,106,KORU
2016-09-23 14:07:00,27.622,27.663,27.597,27.644,233,KORU
2016-09-23 14:37:00,27.737,27.778,27.712,27.76,175,KORU
2016-09-26 10:43:00,27.367,27.407,27.342,27.389,900,KORU
2016-09-26 11:23:00,27.24,27.28,27.215,27.262,200,KORU
2016-09-26 13:24:00,27.058,27.098,27.033,27.08,127,KORU
2016-09-27 09:30:00,28.093,28.135,28.042,28.09,1205,KORU
2016-09-27 09:49:00,28.284,28.326,28.258,28.307,100,KORU
2016-09-27 11:42:00,28.125,28.167,28.1,28.148,200,KORU
2016-09-28 10:07:00,28.365,28.407,28.34,28.389,100,KORU
2016-09-28 10:12:00,28.375,28.416,28.306,28.355,200,KORU
2016-09-28 10:18:00,28.418,28.46,28.392,28.441,160,KORU
2016-09-29 09:30:00,28.937,28.98,28.911,28.961,790,KORU
2016-09-29 10:14:00,28.856,28.917,28.83,28.898,500,KORU
2016-09-29 10:15:00,28.856,28.898,28.83,28.879,300,KORU
2016-09-29 10:48:00,28.919,28.962,28.893,28.943,400,KORU
2016-09-29 12:00:00,28.755,28.797,28.728,28.778,350,KORU
2016-09-29 12:20:00,28.798,28.84,28.772,28.821,3150,KORU
2016-09-29 12:58:00,27.976,28.061,27.951,28.043,1165,KORU
2016-09-29 13:51:00,27.675,27.716,27.65,27.698,500,KORU
2016-09-29 15:51:00,28.005,28.046,27.979,28.027,200,KORU
2016-09-30 09:30:00,28.002,28.044,27.977,28.025,151,KORU
2016-10-03 11:09:00,28.12,28.162,28.095,28.143,181,KORU
2016-10-03 12:07:00,27.784,27.825,27.759,27.807,150,KORU
2016-10-03 15:34:00,28.257,28.298,28.231,28.28,300,KORU
2016-10-03 15:35:00,28.257,28.298,28.231,28.28,100,KORU
2016-10-04 09:30:00,27.73,27.771,27.705,27.753,1000,KORU
2016-10-04 09:33:00,27.739,27.78,27.714,27.762,200,KORU
2016-10-04 09:35:00,27.648,27.689,27.596,27.644,330,KORU
2016-10-04 13:00:00,26.626,26.665,26.602,26.648,100,KORU
2016-10-04 15:56:00,26.559,26.598,26.534,26.58,100,KORU
2016-10-05 11:19:00,27.367,27.455,27.342,27.437,660,KORU
2016-10-06 09:42:00,27.149,27.189,27.124,27.171,145,KORU
2016-10-06 12:30:00,27.803,27.844,27.777,27.825,600,KORU
2016-10-07 09:30:00,27.866,27.907,27.841,27.889,375,KORU
2016-10-07 09:31:00,28.002,28.044,27.977,28.025,100,KORU
2016-10-07 09:44:00,27.966,28.007,27.941,27.989,100,KORU
2016-10-07 10:08:00,27.784,27.825,27.759,27.807,100,KORU
2016-10-07 10:18:00,27.73,27.771,27.705,27.753,100,KORU
2016-10-07 10:53:00,27.648,27.689,27.623,27.671,100,KORU
2016-10-07 11:15:00,27.603,27.644,27.578,27.625,100,KORU
2016-10-07 12:01:00,27.258,27.298,27.233,27.28,100,KORU
2016-10-07 13:19:00,27.276,27.316,27.251,27.298,100,KORU
2016-10-07 14:48:00,27.521,27.562,27.496,27.544,100,KORU
2016-10-07 15:59:00,27.448,27.489,27.423,27.471,100,KORU
2016-10-10 09:30:00,27.93,27.971,27.904,27.952,250,KORU
2016-10-10 09:44:00,28.257,28.298,28.231,28.28,100,KORU
2016-10-10 09:48:00,28.238,28.28,28.213,28.261,155,KORU
2016-10-10 09:49:00,28.238,28.28,28.213,28.261,200,KORU
2016-10-10 09:51:00,28.238,28.28,28.213,28.261,100,KORU
2016-10-10 10:04:00,28.238,28.28,28.213,28.261,387,KORU
2016-10-10 12:54:00,28.42,28.462,28.394,28.443,100,KORU
2016-10-10 15:03:00,28.293,28.335,28.267,28.316,100,KORU
2016-10-10 15:50:00,28.311,28.353,28.285,28.334,160,KORU
2016-10-11 09:40:00,25.651,25.688,25.627,25.672,200,KORU
2016-10-11 09:43:00,25.497,25.535,25.473,25.517,650,KORU
2016-10-11 09:44:00,25.546,25.584,25.523,25.567,160,KORU
2016-10-11 10:01:00,25.369,25.406,25.346,25.39,150,KORU
2016-10-11 10:02:00,25.237,25.278,25.214,25.262,470,KORU
2016-10-11 10:54:00,25.197,25.234,25.174,25.217,200,KORU
2016-10-11 11:08:00,25.215,25.252,25.192,25.235,100,KORU
2016-10-11 11:33:00,25.277,25.314,25.254,25.298,400,KORU
2016-10-11 11:35:00,25.195,25.232,25.172,25.215,200,KORU
2016-10-11 13:32:00,25.06,25.097,25.038,25.081,200,KORU
2016-10-11 13:58:00,24.97,25.006,24.947,24.99,200,KORU
2016-10-11 14:40:00,24.987,25.024,24.964,25.007,132,KORU
2016-10-11 15:05:00,25.06,25.097,25.038,25.081,132,KORU
2016-10-11 15:13:00,25.015,25.052,24.992,25.035,1000,KORU
2016-10-11 15:15:00,25.045,25.082,25.022,25.065,1000,KORU
2016-10-11 15:26:00,25.092,25.129,25.069,25.113,163,KORU
2016-10-11 15:31:00,25.097,25.188,25.051,25.135,1200,KORU
2016-10-11 15:34:00,25.114,25.188,25.091,25.172,597,KORU
2016-10-11 15:48:00,25.206,25.243,25.183,25.226,175,KORU
2016-10-11 15:57:00,25.097,25.188,25.074,25.172,7000,KORU
2016-10-11 15:58:00,25.151,25.188,25.128,25.172,900,KORU
2016-10-11 15:59:00,25.242,25.279,25.219,25.263,1000,KORU
2016-10-12 09:49:00,25.097,25.134,25.074,25.117,300,KORU
2016-10-12 11:36:00,25.106,25.143,25.083,25.126,100,KORU
2016-10-12 12:39:00,25.311,25.348,25.288,25.332,150,KORU
2016-10-12 13:40:00,25.372,25.409,25.349,25.393,250,KORU
2016-10-12 14:09:00,25.287,25.325,25.264,25.308,100,KORU
2016-10-12 15:00:00,25.333,25.37,25.31,25.354,100,KORU
2016-10-12 15:23:00,25.345,25.382,25.322,25.365,400,KORU
2016-10-13 09:34:00,23.953,23.989,23.896,23.937,1200,KORU
2016-10-13 09:35:00,23.907,23.99,23.867,23.972,9210,KORU
2016-10-13 09:52:00,23.789,23.824,23.768,23.809,100,KORU
2016-10-13 09:53:00,23.68,23.715,23.659,23.7,150,KORU
2016-10-13 10:30:00,23.832,23.867,23.81,23.851,800,KORU
2016-10-13 10:37:00,23.934,24.003,23.913,23.987,600,KORU
2016-10-13 10:38:00,23.971,24.006,23.949,23.99,300,KORU
2016-10-13 10:39:00,23.971,24.006,23.949,23.99,100,KORU
2016-10-13 10:40:00,23.971,24.006,23.949,23.99,100,KORU
2016-10-13 10:41:00,24.016,24.052,23.994,24.036,700,KORU
2016-10-13 11:19:00,23.862,23.897,23.822,23.863,1000,KORU
2016-10-13 13:31:00,24.505,24.542,24.483,24.525,399,KORU
2016-10-13 13:42:00,24.452,24.489,24.43,24.472,700,KORU
2016-10-13 14:55:00,24.561,24.597,24.539,24.581,1200,KORU
2016-10-13 15:44:00,24.571,24.607,24.475,24.518,1400,KORU
2016-10-14 12:17:00,24.352,24.444,24.33,24.428,1700,KORU
2016-10-14 15:37:00,24.306,24.342,24.284,24.326,100,KORU
2016-10-14 15:52:00,24.216,24.315,24.194,24.299,800,KORU
2016-10-14 15:54:00,24.252,24.288,24.23,24.272,400,KORU
2016-10-17 10:19:00,24.616,24.697,24.593,24.681,400,KORU
2016-10-17 10:24:00,24.715,24.752,24.693,24.736,300,KORU
2016-10-17 10:28:00,24.715,24.752,24.693,24.736,100,KORU
2016-10-17 11:03:00,24.516,24.552,24.493,24.536,100,KORU
2016-10-17 11:13:00,24.516,24.552,24.493,24.536,900,KORU
2016-10-17 11:27:00,24.561,24.597,24.539,24.581,200,KORU
2016-10-17 15:53:00,24.572,24.609,24.55,24.593,185,KORU
2016-10-18 09:30:00,26.122,26.16,25.945,25.99,300,KORU
2016-10-18 09:49:00,25.838,25.876,25.814,25.859,400,KORU
2016-10-18 10:10:00,25.823,25.861,25.8,25.844,100,KORU
2016-10-18 11:33:00,25.887,25.964,25.863,25.947,300,KORU
2016-10-18 14:02:00,26.014,26.052,25.99,26.035,100,KORU
2016-10-18 15:51:00,25.883,25.922,25.86,25.904,175,KORU
2016-10-19 09:30:00,26.114,26.161,26.09,26.144,597,KORU
2016-10-19 09:33:00,26.15,26.189,26.126,26.171,100,KORU
2016-10-19 09:51:00,26.186,26.225,26.163,26.208,100,KORU
2016-10-19 09:56:00,26.168,26.207,26.144,26.19,100,KORU
2016-10-19 10:21:00,26.119,26.158,26.095,26.14,340,KORU
2016-10-19 10:34:00,26.268,26.307,26.244,26.29,100,KORU
2016-10-19 10:42:00,26.332,26.37,26.308,26.353,300,KORU
2016-10-19 10:49:00,26.332,26.37,26.308,26.353,100,KORU
2016-10-19 10:59:00,26.341,26.38,26.317,26.362,100,KORU
2016-10-19 11:56:00,26.304,26.343,26.28,26.326,100,KORU
2016-10-19 14:20:00,26.577,26.616,26.553,26.598,100,KORU
2016-10-19 15:28:00,26.559,26.598,26.534,26.58,110,KORU
2016-10-19 15:57:00,26.492,26.531,26.468,26.514,171,KORU
2016-10-20 11:51:00,25.669,25.743,25.645,25.726,1062,KORU
2016-10-20 12:06:00,25.787,25.825,25.763,25.808,200,KORU
2016-10-20 14:44:00,25.669,25.761,25.645,25.744,200,KORU
2016-10-24 09:30:00,26.032,26.07,26.008,26.053,100,KORU
2016-10-24 10:09:00,25.859,25.897,25.835,25.88,200,KORU
2016-10-24 11:21:00,25.705,25.743,25.682,25.726,100,KORU
2016-10-24 12:29:00,25.517,25.555,25.494,25.538,1000,KORU
2016-10-24 14:43:00,25.796,25.834,25.772,25.817,110,KORU
2016-10-25 09:34:00,25.46,25.507,25.437,25.49,950,KORU
2016-10-25 09:39:00,25.562,25.6,25.5,25.583,670,KORU
2016-10-25 09:48:00,25.544,25.581,25.482,25.526,400,KORU
2016-10-26 10:14:00,24.47,24.506,24.448,24.49,500,KORU
2016-10-26 10:16:00,24.47,24.506,24.448,24.49,500,KORU
2016-10-26 13:42:00,24.516,24.552,24.493,24.536,200,KORU
2016-10-26 14:05:00,24.47,24.506,24.448,24.49,500,KORU
2016-10-27 09:39:00,24.434,24.47,24.412,24.454,320,KORU
2016-10-27 09:55:00,24.516,24.552,24.493,24.536,321,KORU
2016-10-27 11:57:00,24.28,24.315,24.257,24.299,200,KORU
2016-10-28 13:42:00,23.798,23.833,23.777,23.818,100,KORU
2016-10-28 14:40:00,24.08,24.115,24.058,24.099,100,KORU
2016-10-28 15:44:00,24.016,24.052,23.994,24.036,100,KORU
2016-10-28 15:58:00,24.071,24.106,24.049,24.09,100,KORU
2016-10-31 09:37:00,24.071,24.106,24.049,24.09,100,KORU
2016-10-31 13:05:00,24.152,24.188,24.13,24.172,100,KORU
2016-10-31 15:54:00,24.098,24.134,24.076,24.118,100,KORU
2016-11-01 09:54:00,24.134,24.17,24.112,24.154,400,KORU
2016-11-01 13:58:00,23.381,23.415,23.359,23.4,100,KORU
2016-11-02 13:11:00,22.945,22.979,22.915,22.963,800,KORU
2016-11-03 12:21:00,23.167,23.201,23.146,23.186,210,KORU
2016-11-03 15:46:00,23.081,23.115,23.06,23.1,400,KORU
2016-11-03 15:58:00,23.163,23.197,23.142,23.182,400,KORU
2016-11-04 11:32:00,23.025,23.059,23.005,23.044,130,KORU
2016-11-04 15:21:00,23.09,23.124,23.069,23.109,190,KORU
2016-11-04 15:28:00,23.081,23.124,23.06,23.109,400,KORU
2016-11-04 15:29:00,23.099,23.133,23.078,23.118,400,KORU
2016-11-04 15:30:00,23.081,23.115,23.06,23.1,400,KORU
2016-11-04 15:31:00,23.054,23.088,23.033,23.073,400,KORU
2016-11-04 15:33:00,23.027,23.061,23.006,23.045,150,KORU
2016-11-07 09:33:00,23.944,23.979,23.922,23.963,1000,KORU
2016-11-07 09:43:00,24.062,24.097,24.04,24.081,213,KORU
2016-11-07 10:01:00,24.029,24.065,24.007,24.049,170,KORU
2016-11-07 11:26:00,24.252,24.288,24.23,24.272,400,KORU
2016-11-07 11:28:00,24.225,24.261,24.203,24.245,400,KORU
2016-11-07 11:31:00,24.252,24.288,24.23,24.272,400,KORU
2016-11-07 11:44:00,24.316,24.352,24.294,24.336,400,KORU
2016-11-07 13:28:00,24.461,24.497,24.402,24.481,800,KORU
2016-11-07 14:47:00,24.376,24.412,24.353,24.396,100,KORU
2016-11-07 15:43:00,24.407,24.445,24.384,24.427,1100,KORU
2016-11-07 15:58:00,24.634,24.67,24.611,24.654,100,KORU
2016-11-08 13:06:00,25.405,25.443,25.382,25.426,1300,KORU
2016-11-08 13:33:00,25.405,25.443,25.382,25.426,400,KORU
2016-11-08 14:09:00,25.287,25.325,25.227,25.27,200,KORU
2016-11-08 15:09:00,25.46,25.498,25.437,25.481,497,KORU
2016-11-09 09:30:00,22.327,22.507,22.307,22.493,1300,KORU
2016-11-09 09:33:00,22.636,22.669,22.615,22.655,300,KORU
2016-11-09 09:40:00,22.473,22.506,22.453,22.491,688,KORU
2016-11-09 09:47:00,22.554,22.588,22.534,22.573,400,KORU
2016-11-09 09:56:00,22.536,22.569,22.516,22.555,200,KORU
2016-11-09 10:02:00,22.563,22.606,22.543,22.591,4000,KORU
2016-11-09 10:06:00,22.464,22.606,22.443,22.591,1300,KORU
2016-11-09 10:15:00,22.609,22.642,22.588,22.627,242,KORU
2016-11-09 10:17:00,22.436,22.469,22.416,22.455,100,KORU
2016-11-09 10:26:00,22.3,22.333,22.28,22.318,200,KORU
2016-11-09 10:30:00,22.264,22.297,22.244,22.282,100,KORU
2016-11-09 10:32:00,22.26,22.293,22.24,22.278,200,KORU
2016-11-09 10:34:00,22.264,22.297,22.244,22.282,200,KORU
2016-11-09 10:50:00,22.291,22.324,22.271,22.309,300,KORU
2016-11-09 10:58:00,22.336,22.369,22.316,22.355,2400,KORU
2016-11-09 11:09:00,22.438,22.471,22.418,22.457,194,KORU
2016-11-09 11:14:00,22.355,22.388,22.334,22.373,100,KORU
2016-11-09 11:16:00,22.509,22.542,22.489,22.527,100,KORU
2016-11-09 12:20:00,22.735,22.779,22.714,22.764,1600,KORU
2016-11-09 12:24:00,22.739,22.772,22.718,22.757,800,KORU
2016-11-09 12:39:00,22.727,22.779,22.706,22.764,1000,KORU
2016-11-09 12:48:00,22.7,22.733,22.679,22.718,200,KORU
2016-11-09 13:03:00,22.672,22.706,22.652,22.691,160,KORU
2016-11-09 13:17:00,22.609,22.642,22.588,22.627,150,KORU
2016-11-09 13:20:00,22.545,22.579,22.525,22.564,100,KORU
2016-11-09 13:21:00,22.436,22.469,22.416,22.455,100,KORU
2016-11-09 13:46:00,22.436,22.469,22.416,22.455,100,KORU
2016-11-09 14:12:00,22.418,22.451,22.398,22.436,211,KORU
2016-11-09 14:16:00,22.427,22.46,22.407,22.446,500,KORU
2016-11-09 14:45:00,22.645,22.679,22.625,22.664,1000,KORU
2016-11-09 14:52:00,22.518,22.551,22.498,22.536,400,KORU
2016-11-09 15:03:00,22.445,22.479,22.425,22.464,175,KORU
2016-11-09 15:15:00,22.346,22.379,22.325,22.364,100,KORU
2016-11-09 15:23:00,22.346,22.379,22.325,22.364,200,KORU
2016-11-09 15:27:00,22.336,22.369,22.316,22.355,300,KORU
2016-11-09 15:28:00,22.291,22.324,22.271,22.309,336,KORU
2016-11-09 15:32:00,22.155,22.188,22.135,22.173,500,KORU
2016-11-09 15:42:00,22.109,22.142,22.089,22.128,200,KORU
2016-11-09 15:43:00,22.037,22.069,22.017,22.055,150,KORU
2016-11-09 15:50:00,22.064,22.097,22.044,22.082,100,KORU
2016-11-09 15:59:00,22.056,22.088,22.036,22.074,123,KORU
2016-11-10 09:30:00,22.246,22.278,22.225,22.264,800,KORU
2016-11-10 09:31:00,22.246,22.278,22.225,22.264,700,KORU
2016-11-10 09:33:00,22.028,22.06,22.008,22.046,100,KORU
2016-11-10 09:46:00,22.082,22.115,22.062,22.1,110,KORU
2016-11-10 09:50:00,21.973,22.006,21.953,21.991,2000,KORU
2016-11-10 10:11:00,21.492,21.524,21.454,21.491,1494,KORU
2016-11-10 10:13:00,21.392,21.424,21.354,21.391,700,KORU
2016-11-10 10:16:00,21.61,21.642,21.59,21.628,3300,KORU
2016-11-10 11:25:00,21.51,21.542,21.491,21.528,1000,KORU
2016-11-10 13:45:00,21.17,21.233,21.15,21.219,200,KORU
2016-11-10 14:06:00,21.519,21.551,21.5,21.537,100,KORU
2016-11-10 15:45:00,20.884,20.914,20.865,20.901,100,KORU
2016-11-10 15:46:00,20.829,20.86,20.81,20.846,1000,KORU
2016-11-11 09:33:00,20.579,20.61,20.561,20.596,300,KORU
2016-11-11 09:35:00,20.546,20.576,20.527,20.563,200,KORU
2016-11-11 09:56:00,20.43,20.46,20.411,20.446,2000,KORU
2016-11-11 10:05:00,20.348,20.378,20.329,20.365,110,KORU
2016-11-11 10:09:00,20.284,20.314,20.266,20.301,136,KORU
2016-11-11 11:38:00,20.428,20.458,20.41,20.445,200,KORU
2016-11-11 13:39:00,20.493,20.524,20.475,20.51,123,KORU
2016-11-11 14:21:00,20.702,20.733,20.683,20.719,175,KORU
2016-11-11 14:53:00,20.658,20.689,20.64,20.675,1000,KORU
2016-11-11 15:27:00,20.693,20.724,20.674,20.71,200,KORU
2016-11-11 15:56:00,20.766,20.796,20.747,20.783,150,KORU
2016-11-14 09:30:00,20.384,20.414,20.366,20.401,400,KORU
2016-11-14 10:07:00,20.239,20.269,20.221,20.256,500,KORU
2016-11-14 10:30:00,20.329,20.359,20.31,20.346,100,KORU
2016-11-14 12:00:00,20.13,20.16,20.112,20.147,100,KORU
2016-11-14 12:06:00,20.132,20.162,20.114,20.149,200,KORU
2016-11-14 15:45:00,20.203,20.233,20.184,20.219,100,KORU
2016-11-15 09:33:00,20.363,20.393,20.345,20.38,500,KORU
2016-11-15 09:34:00,20.264,20.294,20.246,20.281,468,KORU
2016-11-15 11:46:00,20.53,20.56,20.511,20.546,100,KORU
2016-11-15 11:48:00,20.53,20.56,20.511,20.546,100,KORU
2016-11-15 13:45:00,20.453,20.483,20.434,20.469,500,KORU
2016-11-15 15:44:00,20.802,20.833,20.783,20.819,100,KORU
2016-11-15 15:45:00,20.802,20.833,20.783,20.819,100,KORU
2016-11-16 09:42:00,20.339,20.369,20.32,20.356,100,KORU
2016-11-16 10:32:00,20.262,20.292,20.243,20.278,115,KORU
2016-11-16 11:04:00,20.176,20.206,20.158,20.192,500,KORU
2016-11-16 12:01:00,19.994,20.023,19.958,19.992,200,KORU
2016-11-17 09:43:00,20.539,20.569,20.52,20.555,200,KORU
2016-11-17 09:47:00,20.493,20.523,20.475,20.51,100,KORU
2016-11-17 10:07:00,20.475,20.505,20.456,20.492,100,KORU
2016-11-17 10:17:00,20.542,20.578,20.493,20.565,730,KORU
2016-11-17 10:20:00,20.421,20.451,20.402,20.437,1300,KORU
2016-11-17 10:33:00,20.366,20.423,20.348,20.41,14098,KORU
2016-11-17 10:40:00,20.339,20.369,20.293,20.328,7000,KORU
2016-11-17 10:59:00,20.404,20.434,20.385,20.42,100,KORU
2016-11-17 11:14:00,20.502,20.533,20.484,20.519,100,KORU
2016-11-17 11:19:00,20.439,20.469,20.42,20.456,100,KORU
2016-11-17 11:57:00,20.493,20.523,20.475,20.51,100,KORU
2016-11-17 12:15:00,20.493,20.523,20.475,20.51,400,KORU
2016-11-17 12:31:00,20.539,20.569,20.52,20.555,100,KORU
2016-11-17 12:55:00,20.475,20.505,20.456,20.492,200,KORU
2016-11-17 13:06:00,20.484,20.514,20.466,20.501,647,KORU
2016-11-17 13:59:00,20.339,20.369,20.32,20.356,100,KORU
2016-11-17 14:01:00,20.312,20.342,20.293,20.328,100,KORU
2016-11-17 14:03:00,20.257,20.287,20.239,20.274,100,KORU
2016-11-17 14:21:00,20.293,20.323,20.275,20.31,100,KORU
2016-11-17 14:38:00,20.303,20.333,20.284,20.319,200,KORU
2016-11-17 14:46:00,20.275,20.305,20.257,20.292,100,KORU
2016-11-17 14:54:00,20.248,20.278,20.23,20.265,100,KORU
2016-11-17 15:08:00,20.219,20.249,20.2,20.235,102,KORU
2016-11-17 15:35:00,20.284,20.314,20.266,20.301,100,KORU
2016-11-17 15:39:00,20.284,20.314,20.266,20.301,100,KORU
2016-11-18 11:01:00,19.994,20.023,19.976,20.01,200,KORU
2016-11-18 11:03:00,19.994,20.023,19.976,20.01,300,KORU
2016-11-18 11:30:00,19.961,19.991,19.943,19.978,100,KORU
2016-11-18 13:11:00,20.097,20.127,20.079,20.114,100,KORU
2016-11-18 15:06:00,19.867,19.896,19.849,19.883,300,KORU
2016-11-18 15:21:00,19.803,19.832,19.785,19.819,200,KORU
2016-11-18 15:51:00,19.83,19.86,19.812,19.847,200,KORU
2016-11-21 09:30:00,20.157,20.187,20.139,20.174,100,KORU
2016-11-21 09:57:00,20.157,20.187,20.139,20.174,100,KORU
2016-11-21 09:59:00,20.157,20.187,20.139,20.174,100,KORU
2016-11-21 10:14:00,20.121,20.151,20.103,20.137,200,KORU
2016-11-21 10:24:00,20.112,20.142,20.094,20.128,500,KORU
2016-11-21 11:03:00,20.139,20.169,20.121,20.156,100,KORU
2016-11-21 11:06:00,20.149,20.179,20.131,20.166,675,KORU
2016-11-21 11:21:00,20.121,20.151,20.103,20.137,300,KORU
2016-11-21 13:18:00,19.944,19.973,19.926,19.96,190,KORU
2016-11-21 15:57:00,20.012,20.041,19.994,20.028,100,KORU
2016-11-22 09:31:00,20.829,20.86,20.81,20.846,200,KORU
2016-11-22 10:06:00,20.838,20.869,20.819,20.855,100,KORU
2016-11-22 11:35:00,20.793,20.824,20.774,20.81,200,KORU
2016-11-22 11:56:00,20.902,20.933,20.883,20.919,100,KORU
2016-11-22 12:07:00,20.952,21.015,20.933,20.969,1000,KORU
2016-11-22 12:12:00,21.07,21.101,21.051,21.087,100,KORU
2016-11-23 09:30:00,20.965,20.996,20.704,20.74,865,KORU
2016-11-23 13:39:00,20.63,20.707,20.611,20.694,2184,KORU
2016-11-25 09:30:00,20.566,20.596,20.547,20.583,3000,KORU
2016-11-25 09:38:00,20.793,20.824,20.774,20.81,200,KORU
2016-11-25 09:39:00,20.793,20.824,20.774,20.81,300,KORU
2016-11-25 09:42:00,20.793,20.824,20.774,20.81,100,KORU
2016-11-25 10:45:00,20.852,20.883,20.833,20.869,100,KORU
2016-11-25 12:43:00,20.86,20.891,20.841,20.877,158,KORU
2016-11-25 12:58:00,20.829,20.86,20.81,20.846,100,KORU
2016-11-25 12:59:00,20.829,20.869,20.792,20.828,700,KORU
2016-11-28 11:24:00,21.102,21.133,21.082,21.119,100,KORU
2016-11-28 11:27:00,21.111,21.142,21.092,21.128,100,KORU
2016-11-28 12:44:00,21.092,21.124,21.073,21.11,100,KORU
2016-11-28 13:54:00,20.893,20.924,20.874,20.91,100,KORU
2016-11-28 13:57:00,20.884,20.914,20.865,20.901,100,KORU
2016-11-28 13:59:00,20.884,20.914,20.865,20.901,300,KORU
2016-11-28 14:51:00,20.938,20.969,20.919,20.955,100,KORU
2016-11-28 15:16:00,20.956,20.987,20.937,20.973,100,KORU
2016-11-28 15:26:00,21.043,21.074,21.023,21.06,100,KORU
2016-11-28 15:28:00,20.956,20.987,20.937,20.973,600,KORU
2016-11-28 15:31:00,20.947,20.978,20.928,20.964,100,KORU
2016-11-28 15:32:00,20.956,20.987,20.937,20.973,100,KORU
2016-11-28 15:35:00,20.947,20.978,20.928,20.964,430,KORU
2016-11-29 10:24:00,21.138,21.169,21.019,21.055,200,KORU
2016-11-29 10:47:00,21.201,21.232,21.181,21.218,100,KORU
2016-11-29 11:05:00,21.192,21.232,21.141,21.178,525,KORU
2016-11-29 11:25:00,21.08,21.112,21.061,21.098,1300,KORU
2016-11-29 11:36:00,21.128,21.16,21.109,21.146,100,KORU
2016-11-29 11:42:00,21.16,21.191,21.141,21.177,225,KORU
2016-11-29 13:31:00,21.383,21.415,21.364,21.401,100,KORU
2016-11-29 14:36:00,21.447,21.478,21.427,21.464,234,KORU
2016-11-29 15:38:00,21.325,21.357,21.306,21.343,440,KORU
2016-11-29 15:39:00,21.324,21.355,21.304,21.341,225,KORU
2016-11-29 15:45:00,21.365,21.396,21.346,21.382,120,KORU
2016-11-30 09:30:00,21.574,21.606,21.554,21.591,100,KORU
2016-11-30 10:00:00,21.292,21.324,21.273,21.31,2000,KORU
2016-11-30 10:29:00,21.138,21.169,21.119,21.155,2000,KORU
2016-11-30 11:26:00,21.138,21.169,21.119,21.155,651,KORU
2016-11-30 13:03:00,21.176,21.207,21.157,21.193,451,KORU
2016-11-30 15:33:00,21.319,21.35,21.299,21.336,100,KORU
2016-11-30 15:44:00,21.319,21.351,21.3,21.337,200,KORU
2016-12-01 10:23:00,21.229,21.26,21.209,21.246,237,KORU
2016-12-01 11:06:00,21.31,21.351,21.291,21.337,751,KORU
2016-12-01 11:16:00,21.327,21.358,21.307,21.344,150,KORU
2016-12-01 13:15:00,21.156,21.187,21.137,21.173,100,KORU
2016-12-01 14:04:00,21.174,21.215,21.155,21.201,300,KORU
2016-12-01 15:45:00,21.221,21.252,21.201,21.238,100,KORU
2016-12-01 15:52:00,21.329,21.369,21.309,21.355,400,KORU
2016-12-02 09:30:00,21.111,21.142,21.092,21.128,430,KORU
2016-12-02 09:38:00,21.189,21.22,21.169,21.206,220,KORU
2016-12-05 13:17:00,21.437,21.468,21.417,21.454,225,KORU
2016-12-05 15:58:00,21.424,21.456,21.373,21.41,330,KORU
2016-12-06 10:12:00,21.537,21.591,21.518,21.577,1900,KORU
2016-12-06 10:17:00,21.582,21.613,21.562,21.599,100,KORU
2016-12-06 10:49:00,21.624,21.656,21.604,21.642,163,KORU
2016-12-06 13:25:00,21.671,21.703,21.652,21.689,150,KORU
2016-12-07 09:30:00,22.227,22.26,22.207,22.246,100,KORU
2016-12-07 10:48:00,22.472,22.505,22.451,22.49,192,KORU
2016-12-07 10:57:00,22.398,22.431,22.378,22.417,350,KORU
2016-12-07 11:13:00,22.386,22.419,22.366,22.404,100,KORU
2016-12-07 11:57:00,22.453,22.486,22.432,22.471,500,KORU
2016-12-07 13:17:00,22.672,22.706,22.652,22.691,100,KORU
2016-12-07 15:09:00,23.017,23.051,22.997,23.036,400,KORU
2016-12-07 15:51:00,23.099,23.157,23.078,23.141,400,KORU
2016-12-07 15:52:00,23.11,23.144,23.089,23.129,375,KORU
2016-12-08 09:30:00,23.462,23.497,23.441,23.482,200,KORU
2016-12-08 09:47:00,23.426,23.461,23.405,23.445,250,KORU
2016-12-08 09:48:00,23.381,23.415,23.359,23.4,100,KORU
2016-12-08 10:06:00,23.2,23.257,23.178,23.218,800,KORU
2016-12-08 10:55:00,23.335,23.37,23.314,23.354,801,KORU
2016-12-08 11:57:00,23.426,23.461,23.405,23.445,200,KORU
2016-12-08 12:09:00,23.508,23.542,23.486,23.527,400,KORU
2016-12-08 12:38:00,23.515,23.55,23.493,23.534,300,KORU
2016-12-08 13:34:00,23.603,23.638,23.577,23.618,300,KORU
2016-12-08 13:35:00,23.581,23.616,23.559,23.6,200,KORU
2016-12-08 13:39:00,23.653,23.688,23.632,23.672,200,KORU
2016-12-08 13:43:00,23.707,23.743,23.686,23.727,143,KORU
2016-12-09 09:30:00,23.517,23.552,23.45,23.491,1550,KORU
2016-12-09 09:41:00,23.384,23.419,23.363,23.403,200,KORU
2016-12-09 09:44:00,23.317,23.375,23.287,23.35,2954,KORU
2016-12-09 09:52:00,23.426,23.461,23.405,23.446,100,KORU
2016-12-09 10:26:00,23.416,23.45,23.359,23.4,400,KORU
2016-12-09 10:37:00,23.372,23.406,23.35,23.391,1300,KORU
2016-12-09 11:24:00,23.244,23.279,23.223,23.263,100,KORU
2016-12-09 12:08:00,23.244,23.279,23.223,23.263,300,KORU
2016-12-09 15:33:00,23.372,23.406,23.35,23.391,300,KORU
2016-12-12 10:03:00,23.426,23.461,23.405,23.446,105,KORU
2016-12-12 10:29:00,23.263,23.297,23.241,23.282,600,KORU
2016-12-12 10:38:00,23.335,23.37,23.314,23.354,200,KORU
2016-12-12 12:51:00,23.42,23.454,23.399,23.439,100,KORU
2016-12-12 13:56:00,23.226,23.305,23.205,23.29,2900,KORU
2016-12-12 15:18:00,23.29,23.324,23.269,23.309,103,KORU
2016-12-12 15:41:00,23.163,23.239,23.142,23.224,275,KORU
2016-12-12 15:56:00,23.244,23.279,23.223,23.263,100,KORU
2016-12-12 15:57:00,23.308,23.342,23.287,23.327,200,KORU
2016-12-13 09:30:00,23.499,23.533,23.477,23.518,100,KORU
2016-12-13 09:37:00,23.58,23.615,23.559,23.6,100,KORU
2016-12-14 10:12:00,23.517,23.552,23.496,23.536,172,KORU
2016-12-14 15:16:00,22.06,22.092,22.039,22.078,500,KORU
2016-12-14 15:58:00,21.973,22.009,21.953,21.995,370,KORU
2016-12-15 09:56:00,22.218,22.251,22.198,22.237,850,KORU
2016-12-15 12:08:00,22.209,22.242,22.189,22.228,100,KORU
2016-12-15 15:13:00,22.246,22.278,22.225,22.264,100,KORU
2016-12-19 10:03:00,22.336,22.369,22.271,22.309,200,KORU
2016-12-19 12:23:00,22.291,22.324,22.271,22.309,300,KORU
2016-12-19 12:30:00,22.291,22.324,22.225,22.309,3900,KORU
2016-12-21 14:38:00,21.931,21.964,21.912,21.949,100,KORU
2016-12-22 09:30:00,21.365,21.396,21.346,21.382,300,KORU
2016-12-22 09:41:00,21.011,21.042,20.992,21.029,105,KORU
2016-12-22 09:58:00,21.029,21.06,21.01,21.046,200,KORU
2016-12-22 10:16:00,21.12,21.152,21.101,21.138,199,KORU
2016-12-22 10:45:00,21.02,21.051,21.001,21.037,300,KORU
2016-12-22 11:34:00,20.974,21.005,20.955,20.992,1150,KORU
2016-12-22 11:52:00,20.989,21.02,20.97,21.006,100,KORU
2016-12-22 15:49:00,21.102,21.134,21.083,21.12,100,KORU
2016-12-22 15:58:00,21.111,21.142,21.092,21.128,4000,KORU
2016-12-23 14:13:00,21.474,21.506,21.454,21.491,100,KORU
2016-12-23 14:29:00,21.441,21.472,21.421,21.458,1000,KORU
2016-12-23 14:32:00,21.451,21.483,21.432,21.469,750,KORU
2016-12-23 14:35:00,21.452,21.483,21.432,21.469,500,KORU
2016-12-23 14:53:00,21.474,21.506,21.454,21.491,100,KORU
2016-12-23 14:55:00,21.474,21.506,21.454,21.491,1800,KORU
2016-12-27 09:54:00,21.483,21.515,21.463,21.501,106,KORU
2016-12-27 11:53:00,21.501,21.533,21.482,21.519,211,KORU
2016-12-27 15:22:00,21.492,21.524,21.448,21.485,225,KORU
2016-12-27 15:32:00,21.501,21.533,21.482,21.519,4001,KORU
2016-12-27 15:41:00,21.573,21.605,21.553,21.59,100,KORU
2016-12-28 10:07:00,21.347,21.378,21.327,21.364,170,KORU
2016-12-28 10:36:00,21.347,21.378,21.327,21.364,150,KORU
2016-12-28 12:09:00,21.338,21.369,21.3,21.337,315,KORU
2016-12-28 12:13:00,21.319,21.351,21.3,21.337,3350,KORU
2016-12-28 13:13:00,21.397,21.429,21.378,21.414,300,KORU
2016-12-28 13:14:00,21.349,21.38,21.329,21.366,199,KORU
2016-12-28 14:43:00,21.338,21.369,21.318,21.355,200,KORU
2016-12-28 14:49:00,21.338,21.369,21.318,21.355,100,KORU
2016-12-28 14:55:00,21.338,21.369,21.318,21.355,400,KORU
2016-12-28 14:56:00,21.338,21.369,21.318,21.355,300,KORU
2016-12-28 14:58:00,21.338,21.369,21.318,21.355,100,KORU
2016-12-28 15:01:00,21.338,21.369,21.318,21.355,100,KORU
2016-12-28 15:03:00,21.338,21.369,21.318,21.355,1000,KORU
2016-12-29 09:43:00,21.701,21.733,21.681,21.719,100,KORU
2016-12-29 10:52:00,21.733,21.765,21.714,21.751,222,KORU
2016-12-29 10:53:00,21.754,21.786,21.734,21.772,700,KORU
2016-12-29 11:00:00,21.853,21.886,21.834,21.871,500,KORU
2016-12-29 11:32:00,21.93,21.963,21.91,21.948,200,KORU
2016-12-29 13:38:00,22.019,22.051,21.999,22.037,100,KORU
